Student_ID,Gender,Age,Course,City,Attendance,Study_Hours,Assignment_Score,Project_Score,Aptitude_Score,Communication_Score,Internship,Backlogs,Placement,Package_LPA
STU001,Male,18,BTech,Bengaluru,70.8,2.5,76.5,83.4,49.9,43.5,Yes,0,Not Placed,0.0
STU002,Male,24,MCA,Noida,77.4,3.6,80.3,70.8,71.8,60.9,Yes,0,Placed,6.27
STU003,Female,18,BSc,Delhi,79.8,8.8,90.1,95.0,85.7,68.8,No,0,Placed,5.85
STU004,Female,19,MCA,Delhi,89.3,4.4,62.7,81.7,74.8,79.1,No,0,Placed,5.84
STU005,Male,25,BSc,Lucknow,71.7,8.4,73.7,93.1,68.2,56.6,No,0,Placed,6.06
STU006,Male,23,MCA,Pune,82.7,4.5,82.8,80.2,68.2,69.9,Yes,0,Not Placed,0.0
STU007,Female,21,MCA,Bengaluru,79.1,2.2,71.9,74.0,51.3,55.9,Yes,0,Not Placed,0.0
STU008,Female,18,BCA,Lucknow,83.4,5.5,76.7,97.5,79.2,70.7,No,0,Placed,6.34
STU009,Female,21,MCA,Mumbai,75.2,2.7,68.1,90.6,57.4,75.6,Yes,0,Not Placed,0.0
STU010,Female,21,BCA,Delhi,70.6,5.8,68.8,95.8,77.0,87.1,Yes,0,Not Placed,0.0
STU011,Female,24,MCA,Lucknow,92.2,7.2,83.9,89.9,61.3,60.8,No,0,Placed,5.46
STU012,Female,18,MCA,Bengaluru,81.1,1.6,66.7,66.3,65.1,62.3,No,0,Not Placed,0.0
STU013,Male,25,MCA,Lucknow,86.4,7.6,85.6,99.9,66.2,64.4,No,0,Not Placed,0.0
STU014,Male,24,BTech,Lucknow,86.9,2.3,74.7,83.5,69.3,64.6,No,3,Not Placed,0.0
STU015,Male,18,BCA,Pune,92.0,7.9,91.6,100,79.6,54.0,Yes,0,Placed,7.72
STU016,Female,20,MCA,Bengaluru,72.7,8.8,73.8,87.8,69.7,84.9,No,0,Placed,6.92
STU017,Male,20,BCA,Bengaluru,81.3,6.6,80.3,95.2,78.6,62.5,No,0,Not Placed,0.0
STU018,Female,22,MCA,Lucknow,83.1,3.9,73.4,83.6,61.0,76.4,No,2,Not Placed,0.0
STU019,Male,21,BTech,Bengaluru,65.8,4.1,73.7,82.7,62.7,71.3,Yes,0,Not Placed,0.0
STU020,Male,22,BCA,Noida,92.7,2.5,76.5,78.1,59.2,64.3,No,0,Not Placed,0.0
STU021,Female,22,BCA,Lucknow,63.5,4.7,68.9,81.2,67.7,49.3,No,0,Not Placed,0.0
STU022,Male,19,MCA,Delhi,80.0,7.8,78.6,92.6,81.0,80.8,No,0,Not Placed,0.0
STU023,Male,19,BTech,Lucknow,86.2,8.1,76.2,100,89.7,88.6,No,0,Not Placed,0.0
STU024,Male,23,BSc,Pune,86.9,8.0,87.8,92.9,77.8,72.3,No,0,Not Placed,0.0
STU025,Female,22,MCA,Noida,69.9,6.5,70.5,91.3,86.2,67.4,No,0,Not Placed,0.0
STU026,Male,19,BTech,Hyderabad,68.0,8.7,80.2,100,59.8,60.5,No,0,Placed,5.76
STU027,Female,18,MCA,Pune,74.9,2.0,63.4,65.5,54.8,67.4,Yes,0,Not Placed,0.0
STU028,Female,20,MCA,Bengaluru,76.6,8.6,72.9,88.0,56.6,68.8,Yes,0,Placed,7.82
STU029,Female,25,BSc,Mumbai,77.2,3.1,52.8,72.2,66.8,48.9,No,0,Not Placed,0.0
STU030,Male,22,MCA,Pune,87.1,2.6,94.0,88.6,52.8,53.2,No,0,Not Placed,0.0
STU031,Female,24,MCA,Bengaluru,66.6,6.7,87.5,84.2,83.4,49.6,No,0,Not Placed,0.0
STU032,Male,19,BSc,Bengaluru,65.9,5.0,60.5,76.7,60.0,71.2,No,0,Not Placed,0.0
STU033,Female,20,BSc,Lucknow,77.5,7.1,83.3,88.6,75.1,50.4,Yes,0,Placed,6.28
STU034,Male,20,MCA,Hyderabad,75.5,2.6,82.4,79.8,73.9,54.1,No,0,Not Placed,0.0
STU035,Male,24,BSc,Delhi,54.9,4.1,65.1,77.5,43.5,68.2,No,0,Not Placed,0.0
STU036,Female,24,BSc,Lucknow,58.5,4.0,71.9,75.7,54.3,52.2,No,1,Not Placed,0.0
STU037,Male,24,MCA,Mumbai,89.3,2.9,74.4,75.7,75.8,53.4,Yes,0,Placed,8.35
STU038,Male,25,BCA,Bengaluru,85.3,1.9,75.0,71.2,87.0,53.8,Yes,0,Not Placed,0.0
STU039,Male,21,MCA,Delhi,78.1,2.4,76.8,72.4,63.5,72.9,No,0,Not Placed,0.0
STU040,Female,19,BCA,Noida,92.2,5.8,88.3,87.0,79.4,69.1,No,0,Not Placed,0.0
STU041,Male,18,BTech,Pune,79.7,6.5,89.6,99.0,82.8,62.7,Yes,0,Not Placed,0.0
STU042,Male,24,MCA,Mumbai,84.8,8.7,84.6,100,66.5,58.3,No,0,Not Placed,0.0
STU043,Male,22,BSc,Noida,70.7,5.0,66.2,75.7,86.9,53.8,Yes,0,Placed,8.13
STU044,Male,21,BCA,Delhi,70.6,4.5,62.5,72.0,64.2,59.9,Yes,0,Placed,5.8
STU045,Female,23,BSc,Hyderabad,80.2,4.1,83.4,83.3,61.1,66.9,Yes,0,Placed,6.77
STU046,Male,21,MCA,Hyderabad,85.0,3.6,54.1,60.1,58.5,79.0,Yes,0,Placed,6.27
STU047,Male,22,BCA,Mumbai,95.3,5.7,81.3,84.5,81.4,69.6,No,0,Placed,6.73
STU048,Female,19,BCA,Mumbai,76.0,2.1,69.2,69.7,60.5,49.7,No,2,Not Placed,0.0
STU049,Male,24,BSc,Noida,91.1,3.7,73.5,71.5,63.2,81.4,Yes,0,Placed,7.57
STU050,Male,20,MCA,Hyderabad,67.8,2.1,72.7,72.9,54.5,49.9,No,0,Not Placed,0.0
STU051,Male,22,MCA,Noida,76.7,5.6,65.4,68.5,71.8,48.4,Yes,0,Not Placed,0.0
STU052,Female,19,BSc,Mumbai,83.6,6.7,89.8,91.6,69.4,51.5,Yes,0,Placed,8.8
STU053,Male,22,BCA,Pune,85.7,2.8,83.1,70.3,64.7,62.2,No,0,Not Placed,0.0
STU054,Female,23,BCA,Mumbai,88.9,4.0,76.0,78.3,61.3,86.5,No,0,Placed,5.23
STU055,Female,18,BSc,Hyderabad,76.4,2.9,60.3,81.5,52.6,48.7,No,0,Not Placed,0.0
STU056,Female,19,BCA,Lucknow,95.2,6.1,83.9,95.4,62.3,50.5,No,0,Not Placed,0.0
STU057,Male,25,BTech,Mumbai,79.1,3.6,83.1,62.4,66.9,67.3,No,0,Not Placed,0.0
STU058,Male,22,BSc,Pune,74.1,7.4,79.4,94.3,70.3,52.1,No,0,Not Placed,0.0
STU059,Female,23,BSc,Mumbai,77.6,3.9,76.6,91.9,60.2,74.9,Yes,0,Not Placed,0.0
STU060,Female,24,MCA,Pune,78.7,1.8,56.4,65.9,76.7,55.0,No,0,Not Placed,0.0
STU061,Male,19,BSc,Mumbai,86.3,3.5,68.2,70.5,75.3,71.6,No,0,Not Placed,0.0
STU062,Female,18,BCA,Noida,70.4,6.6,74.8,94.9,94.2,87.0,No,0,Placed,7.26
STU063,Male,22,BTech,Bengaluru,75.2,2.6,69.7,63.4,61.2,74.1,No,0,Not Placed,0.0
STU064,Male,21,BSc,Noida,82.3,4.9,78.9,76.2,51.1,59.2,Yes,0,Not Placed,0.0
STU065,Female,22,BSc,Hyderabad,88.4,3.0,83.2,72.7,74.5,50.1,No,0,Not Placed,0.0
STU066,Female,22,BCA,Noida,80.5,6.6,75.1,89.3,69.5,56.1,Yes,0,Placed,7.12
STU067,Male,21,BTech,Hyderabad,83.3,6.9,73.2,76.9,58.8,56.7,Yes,0,Not Placed,0.0
STU068,Male,19,BTech,Pune,73.7,4.6,76.6,96.3,74.3,57.9,Yes,0,Not Placed,0.0
STU069,Female,23,BCA,Lucknow,78.0,2.1,67.7,65.3,56.6,54.5,No,0,Placed,4.97
STU070,Female,23,BTech,Lucknow,81.0,7.7,86.5,100,73.2,72.5,No,0,Placed,7.02
STU071,Female,22,BSc,Hyderabad,65.0,1.8,88.1,83.3,65.8,72.2,No,0,Not Placed,0.0
STU072,Female,20,BSc,Hyderabad,82.7,7.8,69.3,79.0,72.6,68.1,Yes,0,Placed,7.84
STU073,Female,18,BSc,Delhi,71.9,8.8,81.2,100,69.7,55.6,No,0,Placed,7.61
STU074,Male,19,MCA,Mumbai,81.1,7.6,83.9,100,78.0,45.6,No,0,Not Placed,0.0
STU075,Male,19,BCA,Noida,65.8,4.2,71.1,69.2,73.1,50.0,No,1,Not Placed,0.0
STU076,Male,25,MCA,Pune,93.1,1.8,75.4,57.0,54.4,77.7,Yes,0,Placed,5.91
STU077,Male,19,BTech,Lucknow,81.6,2.0,60.0,66.2,77.7,53.9,No,0,Not Placed,0.0
STU078,Male,21,BSc,Pune,77.5,3.2,93.2,79.2,74.7,65.7,No,0,Placed,6.78
STU079,Male,19,BCA,Mumbai,63.6,2.2,61.7,54.7,48.4,61.4,Yes,1,Not Placed,0.0
STU080,Female,18,BTech,Bengaluru,81.4,4.1,68.9,75.9,63.9,49.6,No,0,Not Placed,0.0
STU081,Male,24,BCA,Hyderabad,81.6,6.4,78.9,88.2,70.0,89.0,Yes,0,Placed,7.24
STU082,Male,19,MCA,Lucknow,75.3,4.9,71.1,85.8,75.6,65.1,No,0,Not Placed,0.0
STU083,Male,22,BSc,Hyderabad,82.9,5.1,72.9,77.4,73.0,77.0,Yes,0,Placed,7.7
STU084,Female,18,MCA,Bengaluru,75.9,6.0,83.3,90.5,72.0,62.6,Yes,2,Placed,5.83
STU085,Female,19,BSc,Lucknow,89.1,1.8,79.2,91.9,67.3,72.1,No,0,Placed,5.96
STU086,Female,20,BSc,Bengaluru,88.0,8.4,99.9,100,78.2,77.7,Yes,0,Placed,7.49
STU087,Male,21,BTech,Mumbai,74.5,8.7,87.0,98.1,71.3,48.4,Yes,0,Placed,7.72
STU088,Female,25,BSc,Noida,83.4,8.1,69.8,74.4,64.4,77.8,Yes,0,Placed,7.18
STU089,Male,22,BSc,Mumbai,77.5,1.9,56.6,68.0,59.3,81.2,No,0,Not Placed,0.0
STU090,Male,25,MCA,Delhi,73.5,5.1,64.8,82.2,71.3,53.8,No,0,Placed,5.73
STU091,Female,25,MCA,Mumbai,74.9,8.4,71.7,100,73.9,70.0,Yes,0,Placed,7.09
STU092,Male,23,BCA,Mumbai,81.0,2.6,73.8,62.6,86.0,62.1,No,0,Not Placed,0.0
STU093,Female,20,BCA,Lucknow,82.5,4.7,82.4,80.4,76.5,60.1,No,0,Placed,8.22
STU094,Female,19,BCA,Lucknow,82.9,8.1,76.3,87.8,79.7,77.9,No,0,Not Placed,0.0
STU095,Female,23,MCA,Pune,94.9,6.1,83.7,76.6,75.0,88.9,No,0,Placed,6.04
STU096,Female,22,BSc,Hyderabad,78.9,4.6,64.8,81.6,74.1,72.8,No,0,Not Placed,0.0
STU097,Male,22,BCA,Lucknow,85.7,3.5,71.9,81.2,64.3,65.0,No,0,Placed,5.89
STU098,Female,23,MCA,Mumbai,75.6,2.1,67.8,78.0,75.7,68.2,Yes,3,Not Placed,0.0
STU099,Male,25,BSc,Hyderabad,81.8,8.3,89.9,100,90.3,79.7,Yes,0,Placed,8.48
STU100,Female,19,BCA,Delhi,88.1,5.2,82.9,76.2,68.1,69.0,Yes,0,Placed,6.27
STU101,Male,23,BCA,Noida,93.7,5.6,84.0,79.7,93.2,48.3,No,0,Not Placed,0.0
STU102,Male,23,MCA,Pune,84.8,6.2,81.9,77.4,71.2,65.9,No,0,Not Placed,0.0
STU103,Female,20,MCA,Bengaluru,61.5,7.3,68.3,91.2,77.1,52.7,No,0,Not Placed,0.0
STU104,Female,22,BCA,Pune,85.4,2.9,63.5,83.3,72.1,49.7,No,0,Not Placed,0.0
STU105,Female,20,BSc,Noida,83.7,4.3,76.9,75.9,77.8,68.7,No,0,Placed,6.92
STU106,Female,25,BSc,Hyderabad,67.5,4.8,74.9,70.8,72.0,76.3,No,0,Placed,5.61
STU107,Female,23,MCA,Bengaluru,93.6,2.6,63.4,62.6,70.7,77.8,No,0,Not Placed,0.0
STU108,Male,25,BTech,Noida,75.1,7.2,70.5,85.5,61.3,59.8,Yes,0,Placed,6.06
STU109,Female,25,MCA,Hyderabad,98.2,3.6,85.1,90.4,64.1,58.9,No,0,Placed,5.5
STU110,Female,23,BCA,Mumbai,80.1,3.7,70.8,82.2,62.9,45.6,No,0,Not Placed,0.0
STU111,Male,21,BSc,Bengaluru,58.2,5.7,59.8,91.5,53.8,44.9,Yes,0,Not Placed,0.0
STU112,Female,24,BCA,Delhi,65.4,3.9,75.6,84.1,59.4,78.6,No,0,Not Placed,0.0
STU113,Female,18,BCA,Noida,79.3,3.8,82.1,97.9,70.6,85.0,Yes,1,Not Placed,0.0
STU114,Male,22,BCA,Lucknow,78.9,2.8,73.9,74.0,56.1,56.8,No,0,Not Placed,0.0
STU115,Male,18,BTech,Hyderabad,82.6,7.3,72.3,96.6,60.4,55.3,No,0,Not Placed,0.0
STU116,Female,22,BSc,Pune,62.3,1.9,53.0,68.6,63.9,70.1,No,0,Not Placed,0.0
STU117,Male,23,BCA,Delhi,73.4,5.0,72.5,88.9,75.0,61.8,No,0,Not Placed,0.0
STU118,Female,23,MCA,Pune,85.7,5.2,68.6,81.3,70.0,84.5,No,0,Placed,6.27
STU119,Female,22,BCA,Lucknow,88.5,4.7,79.8,93.9,59.5,72.0,No,0,Not Placed,0.0
STU120,Female,25,BTech,Bengaluru,87.7,6.2,87.2,89.0,69.8,40,No,0,Placed,7.81
STU121,Female,18,BCA,Bengaluru,59.5,6.9,76.3,81.7,82.1,66.8,No,0,Placed,5.41
STU122,Female,25,BTech,Noida,78.2,1.6,56.1,63.4,66.5,59.3,No,0,Not Placed,0.0
STU123,Male,18,BSc,Delhi,67.7,6.2,90.2,82.1,56.5,49.4,No,1,Not Placed,0.0
STU124,Female,21,BSc,Pune,78.9,6.1,76.0,72.7,74.8,73.1,No,0,Not Placed,0.0
STU125,Female,20,BSc,Bengaluru,91.3,4.1,67.9,69.7,83.3,68.5,No,0,Placed,5.4
STU126,Female,21,BTech,Bengaluru,85.9,6.8,78.7,82.7,61.3,83.8,No,0,Not Placed,0.0
STU127,Female,24,BTech,Hyderabad,93.7,7.5,84.9,100,74.8,59.2,Yes,0,Placed,5.66
STU128,Female,20,BCA,Mumbai,81.8,5.9,73.9,87.1,86.4,67.1,No,0,Placed,6.57
STU129,Male,18,MCA,Hyderabad,76.2,8.5,89.5,94.8,83.8,73.4,No,0,Placed,6.04
STU130,Male,20,BSc,Lucknow,89.9,2.8,69.0,97.9,50.2,42.5,No,0,Not Placed,0.0
STU131,Female,19,BTech,Pune,72.2,8.9,83.1,91.2,72.7,87.5,Yes,0,Placed,6.79
STU132,Female,20,BCA,Delhi,84.9,7.4,71.0,85.2,84.0,93.7,No,0,Placed,6.69
STU133,Female,23,MCA,Hyderabad,55.1,4.4,60.8,70.7,66.3,53.6,Yes,0,Placed,6.09
STU134,Male,25,BTech,Pune,67.2,6.6,89.8,86.8,72.2,56.7,No,0,Placed,7.19
STU135,Female,24,BSc,Bengaluru,85.5,7.5,81.3,100,60.3,63.7,No,0,Placed,5.55
STU136,Male,18,MCA,Pune,80.7,2.6,65.2,80.5,69.8,68.6,Yes,0,Not Placed,0.0
STU137,Male,24,BSc,Lucknow,80.5,5.7,74.2,79.8,78.5,45.8,Yes,0,Placed,6.71
STU138,Male,25,BCA,Pune,72.3,2.8,57.8,77.6,74.4,77.1,No,0,Not Placed,0.0
STU139,Female,19,MCA,Bengaluru,82.7,4.1,72.4,84.0,79.3,67.8,Yes,1,Not Placed,0.0
STU140,Female,24,MCA,Lucknow,70.9,4.1,64.4,73.9,89.2,85.1,No,0,Not Placed,0.0
STU141,Male,21,BCA,Bengaluru,64.1,1.8,71.4,61.1,51.2,46.3,Yes,3,Not Placed,0.0
STU142,Female,21,BTech,Bengaluru,80.8,7.3,73.4,93.7,67.5,89.1,Yes,0,Placed,7.37
STU143,Male,24,BSc,Delhi,60.2,4.1,61.5,69.7,48.8,57.6,Yes,2,Not Placed,0.0
STU144,Female,20,BSc,Lucknow,91.4,5.7,91.2,89.8,77.8,61.0,No,0,Not Placed,0.0
STU145,Male,18,BTech,Noida,75.3,6.0,79.4,89.6,75.0,59.7,Yes,0,Not Placed,0.0
STU146,Male,21,MCA,Pune,94.3,2.4,83.1,77.5,67.4,61.7,No,0,Not Placed,0.0
STU147,Female,23,BTech,Delhi,71.4,5.3,69.6,83.0,79.6,78.5,No,0,Placed,6.11
STU148,Male,22,BSc,Hyderabad,72.6,3.0,65.7,74.8,77.0,40,Yes,0,Not Placed,0.0
STU149,Female,25,MCA,Lucknow,84.8,4.1,68.9,84.9,78.2,72.8,No,0,Not Placed,0.0
STU150,Male,18,BSc,Hyderabad,66.1,6.2,58.0,86.2,71.7,50.3,No,0,Not Placed,0.0
STU151,Female,18,BCA,Delhi,79.7,4.6,75.2,95.2,70.2,66.9,No,0,Not Placed,0.0
STU152,Male,19,MCA,Noida,70.6,6.1,84.2,90.7,79.3,88.4,Yes,0,Placed,8.64
STU153,Male,18,BCA,Lucknow,76.2,4.3,61.2,78.2,66.1,71.8,No,0,Not Placed,0.0
STU154,Male,21,MCA,Delhi,90.8,6.7,77.7,88.1,88.2,49.9,No,0,Placed,6.75
STU155,Male,24,BCA,Lucknow,72.8,5.7,73.6,71.5,61.6,62.0,No,0,Not Placed,0.0
STU156,Female,18,BCA,Pune,77.1,7.8,79.5,87.7,88.9,73.8,Yes,0,Not Placed,0.0
STU157,Male,23,BSc,Hyderabad,76.9,6.6,86.7,91.6,68.5,69.9,Yes,0,Placed,6.04
STU158,Male,24,BTech,Lucknow,74.8,2.2,74.8,70.8,63.2,44.8,No,0,Not Placed,0.0
STU159,Male,19,BTech,Delhi,80.3,6.0,81.5,73.9,81.8,72.8,No,0,Not Placed,0.0
STU160,Male,24,MCA,Delhi,66.1,3.8,64.7,76.1,54.9,64.9,Yes,0,Placed,5.78
STU161,Female,19,MCA,Delhi,72.9,8.6,74.4,90.6,87.4,75.1,No,0,Not Placed,0.0
STU162,Female,23,MCA,Mumbai,78.3,2.8,75.7,70.7,69.9,63.4,No,0,Not Placed,0.0
STU163,Female,23,BCA,Mumbai,92.3,3.0,59.3,76.3,67.5,88.0,No,0,Not Placed,0.0
STU164,Male,24,BSc,Mumbai,66.2,3.8,69.8,77.7,70.3,54.3,No,0,Not Placed,0.0
STU165,Female,18,BTech,Hyderabad,83.9,7.6,89.5,83.2,63.0,53.9,Yes,0,Placed,7.96
STU166,Female,23,BSc,Hyderabad,64.4,2.2,65.4,83.6,46.7,53.9,No,0,Not Placed,0.0
STU167,Male,23,BCA,Hyderabad,78.4,3.7,74.7,77.5,74.4,47.3,Yes,0,Placed,6.67
STU168,Female,23,BCA,Delhi,72.8,7.6,82.4,100,86.2,70.8,No,0,Placed,6.63
STU169,Female,24,BSc,Mumbai,70.3,4.5,75.4,92.6,64.4,72.2,Yes,0,Placed,7.03
STU170,Male,19,MCA,Noida,75.0,3.0,63.5,81.7,74.3,68.1,No,0,Placed,6.23
STU171,Female,20,BTech,Pune,91.6,5.9,78.6,82.0,73.6,66.5,Yes,0,Placed,6.4
STU172,Male,20,BSc,Hyderabad,72.4,2.9,63.8,78.6,52.2,83.0,Yes,0,Not Placed,0.0
STU173,Female,24,BSc,Pune,76.5,7.8,78.5,91.5,74.7,51.5,Yes,0,Placed,6.55
STU174,Female,19,BCA,Hyderabad,71.6,5.6,84.0,88.4,69.8,53.6,Yes,0,Not Placed,0.0
STU175,Male,22,BCA,Hyderabad,77.4,4.1,75.8,73.0,84.4,52.8,No,0,Not Placed,0.0
STU176,Female,20,MCA,Mumbai,86.4,7.6,87.8,87.6,62.5,54.0,No,0,Not Placed,0.0
STU177,Male,20,BSc,Noida,91.6,8.9,92.1,100,84.3,65.9,No,0,Placed,5.92
STU178,Female,24,BSc,Mumbai,62.4,7.5,76.3,93.9,61.1,71.4,Yes,0,Placed,5.58
STU179,Male,25,BTech,Hyderabad,88.6,7.5,67.9,100,81.2,49.0,Yes,0,Placed,8.37
STU180,Male,18,BCA,Hyderabad,82.0,7.8,71.9,100,77.7,40,Yes,0,Not Placed,0.0
STU181,Female,20,BTech,Lucknow,63.6,4.2,74.5,91.0,72.2,82.0,No,0,Placed,7.0
STU182,Male,18,MCA,Hyderabad,78.2,2.5,70.4,85.3,79.5,74.2,No,0,Placed,7.35
STU183,Male,19,BTech,Delhi,75.0,3.7,73.9,68.0,78.2,69.0,Yes,0,Placed,6.07
STU184,Female,23,MCA,Pune,82.1,2.6,59.9,76.5,67.7,51.2,No,0,Not Placed,0.0
STU185,Female,20,MCA,Bengaluru,72.0,2.1,55.2,63.1,48.6,66.6,No,0,Not Placed,0.0
STU186,Male,24,BTech,Pune,82.5,7.4,84.0,89.6,69.1,70.7,Yes,0,Placed,6.78
STU187,Female,23,MCA,Hyderabad,85.7,8.7,92.1,100,76.0,52.2,Yes,0,Placed,7.65
STU188,Female,24,BSc,Hyderabad,62.9,5.5,66.0,78.1,62.9,64.9,No,0,Not Placed,0.0
STU189,Male,22,BSc,Hyderabad,84.7,7.8,87.3,99.1,65.8,69.4,Yes,0,Placed,8.24
STU190,Male,20,BSc,Lucknow,93.6,5.4,89.8,93.0,57.0,59.4,Yes,0,Not Placed,0.0
STU191,Female,24,BTech,Mumbai,79.5,3.5,81.6,91.9,64.1,65.0,No,0,Placed,6.27
STU192,Male,19,MCA,Hyderabad,85.0,1.5,69.3,68.5,72.4,79.1,Yes,0,Placed,7.39
STU193,Female,21,BTech,Lucknow,70.9,8.4,68.9,87.2,91.5,77.7,Yes,0,Placed,8.62
STU194,Female,19,BSc,Mumbai,89.2,7.3,83.2,97.8,66.4,62.0,No,0,Placed,4.99
STU195,Male,21,MCA,Hyderabad,55.0,4.6,81.5,85.4,73.3,86.7,Yes,0,Not Placed,0.0
STU196,Female,19,MCA,Hyderabad,79.6,3.3,57.4,68.8,66.1,84.2,No,0,Not Placed,0.0
STU197,Female,25,BCA,Mumbai,80.9,5.3,73.1,78.9,62.6,80.3,Yes,0,Not Placed,0.0
STU198,Female,23,BTech,Noida,77.5,3.3,74.9,81.8,63.7,79.5,No,0,Placed,6.46
STU199,Male,25,BTech,Pune,77.8,7.9,94.2,100,69.6,76.4,Yes,0,Placed,7.0
STU200,Male,22,BTech,Lucknow,87.5,2.8,52.2,83.1,60.5,61.5,Yes,0,Placed,6.68
STU201,Male,20,MCA,Pune,87.7,4.3,68.6,70.7,62.7,70.8,Yes,0,Not Placed,0.0
STU202,Male,19,BTech,Pune,65.3,8.6,96.6,100,59.3,66.9,Yes,0,Placed,7.69
STU203,Male,18,MCA,Mumbai,82.5,5.2,73.4,90.7,62.6,42.7,No,0,Not Placed,0.0
STU204,Male,24,BTech,Mumbai,78.3,7.4,86.5,90.4,84.6,56.1,No,3,Not Placed,0.0
STU205,Female,23,MCA,Mumbai,95.3,2.3,75.9,71.1,60.2,80.6,No,0,Not Placed,0.0
STU206,Female,23,MCA,Delhi,67.9,5.9,72.2,90.2,54.5,92.7,No,0,Not Placed,0.0
STU207,Female,22,MCA,Mumbai,78.6,2.2,70.2,72.9,70.5,84.1,Yes,2,Not Placed,0.0
STU208,Female,18,BCA,Noida,66.6,6.8,75.4,92.6,74.4,66.6,No,0,Not Placed,0.0
STU209,Female,23,MCA,Noida,95.4,7.0,88.2,84.8,81.7,62.6,No,0,Not Placed,0.0
STU210,Male,20,BSc,Bengaluru,73.0,6.7,88.7,100,83.1,84.8,No,0,Placed,6.87
STU211,Female,21,BCA,Noida,92.6,2.6,73.7,69.0,72.9,80.5,Yes,0,Placed,7.67
STU212,Male,21,BCA,Pune,74.5,7.4,73.9,91.3,70.1,56.6,Yes,0,Placed,7.38
STU213,Male,25,MCA,Bengaluru,67.3,2.1,67.6,65.5,51.0,63.2,Yes,0,Not Placed,0.0
STU214,Male,23,BSc,Hyderabad,84.0,4.7,69.9,71.9,66.5,57.5,No,0,Not Placed,0.0
STU215,Female,22,BTech,Delhi,70.5,1.9,50.6,57.7,66.9,70.4,Yes,0,Not Placed,0.0
STU216,Male,18,MCA,Pune,67.7,3.7,81.4,89.0,61.0,68.7,No,2,Not Placed,0.0
STU217,Female,20,BSc,Pune,60.0,4.8,66.7,95.3,60.1,72.8,Yes,0,Not Placed,0.0
STU218,Male,18,BSc,Bengaluru,87.5,4.6,61.5,74.1,49.5,63.9,Yes,0,Not Placed,0.0
STU219,Male,19,BSc,Hyderabad,67.8,8.9,95.3,100,82.4,84.8,Yes,0,Placed,8.22
STU220,Male,19,BSc,Delhi,80.3,5.6,71.8,90.7,61.2,87.9,No,0,Placed,6.52
STU221,Male,19,BCA,Bengaluru,80.5,2.3,66.7,81.1,58.4,64.4,No,0,Placed,5.86
STU222,Female,18,BSc,Pune,90.2,4.0,81.0,83.4,85.7,83.4,No,0,Placed,6.75
STU223,Male,21,MCA,Noida,72.8,7.1,79.3,85.6,70.5,40,Yes,0,Placed,5.91
STU224,Male,20,BCA,Pune,73.2,5.3,74.8,95.0,83.5,80.3,No,0,Placed,7.09
STU225,Male,23,MCA,Bengaluru,71.9,7.7,68.1,90.4,75.1,59.3,No,0,Not Placed,0.0
STU226,Female,23,MCA,Hyderabad,88.2,3.4,76.1,75.5,70.8,80.3,No,0,Placed,6.37
STU227,Female,18,BCA,Pune,78.1,2.5,74.0,81.3,80.0,44.8,No,0,Not Placed,0.0
STU228,Female,25,BTech,Bengaluru,69.7,3.8,56.8,62.1,63.3,97.5,No,0,Not Placed,0.0
STU229,Female,22,BCA,Delhi,78.3,4.0,73.8,78.7,75.8,50.1,No,0,Not Placed,0.0
STU230,Male,24,BTech,Delhi,83.4,6.9,65.0,71.4,45.2,48.0,Yes,0,Not Placed,0.0
STU231,Female,21,BSc,Mumbai,91.0,6.5,87.0,77.8,73.5,82.6,Yes,0,Placed,6.87
STU232,Male,23,BCA,Bengaluru,69.9,3.2,73.2,70.8,71.3,61.1,No,1,Not Placed,0.0
STU233,Male,25,MCA,Noida,78.8,8.0,77.6,99.7,93.7,54.4,Yes,0,Placed,8.62
STU234,Male,19,BSc,Mumbai,73.9,8.9,78.2,97.4,79.3,63.9,No,0,Not Placed,0.0
STU235,Male,20,BSc,Delhi,82.2,4.5,88.4,94.4,66.7,48.4,Yes,0,Not Placed,0.0
STU236,Male,18,MCA,Bengaluru,70.1,8.1,87.1,97.4,78.1,61.7,Yes,0,Placed,7.79
STU237,Female,24,MCA,Delhi,74.2,8.3,78.4,100,96.2,59.1,Yes,0,Placed,7.89
STU238,Male,23,BCA,Lucknow,75.2,6.3,66.4,86.8,57.3,69.0,No,1,Not Placed,0.0
STU239,Female,25,MCA,Bengaluru,69.2,6.6,76.9,98.4,71.3,43.8,No,0,Not Placed,0.0
STU240,Male,22,BCA,Delhi,86.4,5.2,76.8,74.3,60.0,80.6,No,0,Not Placed,0.0
STU241,Female,23,MCA,Noida,54.0,6.5,68.9,99.5,57.2,75.2,No,0,Placed,6.65
STU242,Male,25,BTech,Lucknow,71.5,1.9,71.1,56.5,67.3,63.4,No,3,Not Placed,0.0
STU243,Male,20,BTech,Mumbai,74.7,4.8,61.3,66.9,83.4,58.5,No,0,Placed,5.03
STU244,Female,20,BCA,Mumbai,65.8,6.9,85.5,100,68.4,60.4,No,0,Not Placed,0.0
STU245,Female,18,MCA,Hyderabad,78.4,5.2,70.6,89.5,62.5,51.6,No,0,Not Placed,0.0
STU246,Male,23,BCA,Delhi,77.0,6.9,78.2,79.8,74.3,75.2,No,0,Placed,7.61
STU247,Female,25,MCA,Mumbai,62.4,5.2,71.1,100,73.4,74.1,No,0,Placed,7.05
STU248,Female,25,BTech,Noida,65.1,5.2,62.5,78.0,63.3,64.3,Yes,0,Not Placed,0.0
STU249,Male,25,BTech,Mumbai,74.9,1.9,65.9,71.2,73.1,58.8,No,0,Placed,5.42
STU250,Male,18,BTech,Delhi,74.6,6.3,80.0,80.5,67.7,78.8,Yes,0,Placed,6.57
STU251,Male,19,BSc,Pune,69.6,7.7,81.9,98.3,81.4,81.0,No,0,Not Placed,0.0
STU252,Male,25,BCA,Delhi,79.6,1.9,70.9,85.5,55.6,46.1,Yes,0,Not Placed,0.0
STU253,Male,24,BTech,Pune,78.9,4.4,72.7,98.5,65.1,69.0,No,0,Placed,8.52
STU254,Female,23,MCA,Noida,69.0,6.2,72.8,94.3,56.6,55.3,No,0,Not Placed,0.0
STU255,Male,23,BSc,Noida,81.0,8.6,81.9,87.2,86.5,70.4,Yes,1,Placed,7.62
STU256,Male,22,BTech,Delhi,66.5,2.0,64.2,70.6,54.4,59.1,No,0,Not Placed,0.0
STU257,Female,21,BTech,Mumbai,83.7,1.9,75.9,67.1,70.9,70.4,Yes,0,Placed,4.91
STU258,Female,21,BTech,Pune,85.5,5.6,67.9,75.0,79.7,54.9,No,0,Placed,5.47
STU259,Female,22,MCA,Mumbai,67.2,7.8,77.3,100,73.1,98.4,No,0,Placed,7.47
STU260,Female,25,BTech,Delhi,62.2,6.8,54.0,79.5,52.4,54.0,No,0,Not Placed,0.0
STU261,Female,23,BTech,Delhi,72.6,8.6,75.2,90.3,59.8,68.3,Yes,0,Placed,5.86
STU262,Male,23,BSc,Lucknow,91.5,8.6,74.6,88.7,86.9,65.9,Yes,0,Placed,6.82
STU263,Female,21,BTech,Pune,79.2,8.6,94.1,100,75.3,52.1,No,0,Not Placed,0.0
STU264,Male,21,BSc,Noida,82.5,8.5,85.0,94.9,68.2,49.7,Yes,0,Placed,6.59
STU265,Female,24,BSc,Lucknow,82.1,4.7,72.9,93.9,70.8,62.6,No,0,Not Placed,0.0
STU266,Female,19,BTech,Pune,86.4,3.8,66.1,88.1,77.0,57.2,No,0,Placed,7.18
STU267,Female,20,BTech,Lucknow,83.3,8.4,88.8,88.1,59.7,81.6,No,0,Placed,5.46
STU268,Female,21,BTech,Lucknow,69.5,8.3,74.4,97.7,69.7,52.5,Yes,0,Placed,6.81
STU269,Female,19,BTech,Noida,83.2,3.4,76.0,88.5,75.7,71.5,Yes,0,Placed,7.7
STU270,Female,20,BTech,Noida,87.1,8.7,95.9,100,85.6,75.1,Yes,0,Placed,6.78
STU271,Female,25,BSc,Lucknow,74.7,3.8,65.9,74.8,51.0,71.7,Yes,0,Placed,6.73
STU272,Male,18,BSc,Bengaluru,85.9,3.1,70.7,81.6,68.4,66.4,Yes,0,Not Placed,0.0
STU273,Female,20,BSc,Delhi,78.9,2.2,65.2,69.8,64.7,77.7,No,0,Placed,5.48
STU274,Male,20,BSc,Pune,92.8,1.8,72.4,65.8,64.6,73.5,No,0,Not Placed,0.0
STU275,Male,18,BTech,Noida,64.2,8.8,75.2,92.4,73.5,55.8,Yes,0,Placed,7.5
STU276,Female,21,BSc,Delhi,74.5,8.0,79.2,86.6,75.4,67.3,Yes,0,Placed,7.28
STU277,Male,20,MCA,Lucknow,74.8,6.9,82.7,97.0,78.2,51.5,Yes,0,Placed,7.5
STU278,Male,20,MCA,Hyderabad,82.1,1.8,66.8,67.2,61.9,61.5,No,0,Placed,7.53
STU279,Female,19,MCA,Noida,77.4,8.9,87.6,98.2,83.3,69.5,No,0,Placed,6.82
STU280,Female,19,MCA,Mumbai,75.3,2.5,80.4,86.6,64.8,76.6,No,3,Not Placed,0.0
STU281,Male,19,BSc,Pune,82.8,8.3,71.0,93.5,76.4,74.6,Yes,0,Placed,6.76
STU282,Male,25,BSc,Noida,74.5,7.5,92.6,90.3,64.1,50.5,No,0,Placed,5.3
STU283,Male,18,BCA,Mumbai,80.8,2.4,63.5,82.3,65.0,66.4,Yes,0,Placed,7.63
STU284,Female,23,BTech,Mumbai,97.3,4.5,83.2,94.6,65.6,68.0,No,0,Not Placed,0.0
STU285,Female,20,BCA,Delhi,85.2,4.8,75.3,78.6,72.2,68.8,No,0,Not Placed,0.0
STU286,Female,18,BCA,Bengaluru,87.6,5.0,75.4,81.9,70.0,78.0,No,0,Placed,6.0
STU287,Male,20,BSc,Lucknow,77.1,3.0,64.0,64.9,49.8,64.3,No,0,Not Placed,0.0
STU288,Female,21,BCA,Bengaluru,95.4,2.2,76.2,73.1,76.5,69.6,Yes,0,Not Placed,0.0
STU289,Female,23,BTech,Noida,94.4,3.6,80.0,76.5,65.1,77.7,No,0,Placed,5.85
STU290,Female,19,BTech,Lucknow,89.7,7.6,74.4,87.1,88.9,75.0,No,0,Placed,5.88
STU291,Female,19,BTech,Lucknow,61.9,6.3,75.0,100,68.2,51.0,No,3,Not Placed,0.0
STU292,Female,23,BCA,Delhi,80.3,2.8,88.4,78.5,71.5,74.8,No,0,Not Placed,0.0
STU293,Male,22,MCA,Mumbai,70.2,7.8,91.2,100,65.2,74.3,No,0,Placed,6.79
STU294,Male,25,BTech,Mumbai,81.9,5.2,93.7,89.4,78.0,73.5,No,0,Placed,6.44
STU295,Female,25,BCA,Noida,78.9,4.5,72.6,79.2,62.5,81.7,No,1,Not Placed,0.0
STU296,Female,22,MCA,Noida,80.1,3.3,62.9,62.7,68.5,58.0,No,0,Not Placed,0.0
STU297,Female,20,MCA,Pune,95.8,6.6,85.1,97.9,60.8,65.2,Yes,0,Placed,6.59
STU298,Male,20,BSc,Mumbai,78.8,9.0,90.7,95.4,74.0,43.4,No,0,Placed,6.29
STU299,Female,25,BCA,Delhi,77.5,4.0,69.5,71.7,76.8,82.5,Yes,0,Not Placed,0.0
STU300,Male,22,BTech,Noida,73.6,5.3,75.6,86.4,58.1,41.8,No,0,Not Placed,0.0
STU301,Female,24,BCA,Hyderabad,62.7,4.1,61.3,71.3,77.9,69.3,No,0,Not Placed,0.0
STU302,Female,24,MCA,Bengaluru,68.3,1.7,58.2,64.7,46.1,82.0,Yes,1,Not Placed,0.0
STU303,Male,18,BSc,Delhi,79.5,9.0,82.2,100,85.7,54.3,Yes,0,Placed,7.35
STU304,Male,20,BCA,Bengaluru,59.1,4.2,80.0,74.6,44.2,80.6,No,3,Not Placed,0.0
STU305,Female,24,BTech,Delhi,91.1,5.1,80.1,89.3,67.9,62.2,Yes,0,Not Placed,0.0
STU306,Female,22,BSc,Pune,79.8,6.7,66.3,87.3,67.5,89.3,No,0,Placed,7.15
STU307,Female,21,MCA,Noida,84.3,6.3,95.6,98.2,66.6,46.8,No,0,Not Placed,0.0
STU308,Female,22,BSc,Bengaluru,68.5,2.0,57.1,69.5,65.0,55.5,No,0,Not Placed,0.0
STU309,Male,20,BCA,Noida,72.2,2.4,69.9,71.9,63.3,53.0,No,0,Not Placed,0.0
STU310,Female,18,BTech,Lucknow,62.7,7.1,75.2,95.0,76.7,59.5,No,0,Placed,6.48
STU311,Male,21,BSc,Noida,85.9,4.8,76.9,81.6,53.4,66.2,No,0,Not Placed,0.0
STU312,Female,20,BCA,Mumbai,85.1,5.6,85.4,95.9,68.7,58.1,No,0,Placed,6.29
STU313,Female,19,BSc,Bengaluru,86.5,1.6,69.8,83.5,68.3,61.1,Yes,0,Placed,6.55
STU314,Female,18,BCA,Hyderabad,74.6,2.7,64.1,71.0,55.1,70.0,No,0,Not Placed,0.0
STU315,Male,18,BSc,Mumbai,74.7,2.5,74.8,69.4,55.7,71.6,Yes,0,Placed,6.43
STU316,Male,19,MCA,Bengaluru,77.4,7.6,74.7,84.2,71.3,60.8,No,0,Placed,6.23
STU317,Male,23,BCA,Mumbai,82.8,5.5,70.3,90.2,58.2,66.6,Yes,0,Placed,6.63
STU318,Male,20,BCA,Bengaluru,69.1,5.1,71.5,91.3,75.2,69.6,No,0,Placed,5.78
STU319,Male,18,MCA,Lucknow,82.8,8.5,89.7,93.3,70.8,65.9,No,0,Not Placed,0.0
STU320,Female,18,BCA,Bengaluru,88.0,2.1,73.1,82.4,70.9,66.5,Yes,0,Placed,8.05
STU321,Female,19,BTech,Noida,83.2,6.8,77.8,87.7,75.7,69.8,No,0,Not Placed,0.0
STU322,Female,23,BTech,Pune,76.4,6.2,74.3,91.0,63.3,51.9,No,0,Not Placed,0.0
STU323,Female,24,BCA,Mumbai,84.6,8.9,84.7,92.8,71.2,82.9,Yes,0,Placed,8.11
STU324,Female,20,BCA,Hyderabad,59.4,4.2,71.2,85.5,57.8,75.9,Yes,0,Not Placed,0.0
STU325,Male,23,BSc,Noida,67.8,7.7,74.1,83.1,83.9,50.4,No,0,Placed,7.75
STU326,Female,24,BCA,Bengaluru,89.4,3.2,79.0,72.6,56.4,51.6,Yes,2,Not Placed,0.0
STU327,Male,20,BCA,Pune,83.2,9.0,78.9,100,75.0,71.4,No,0,Placed,7.25
STU328,Male,24,BTech,Hyderabad,63.1,5.3,71.0,79.2,75.4,68.8,No,0,Not Placed,0.0
STU329,Male,21,BCA,Mumbai,71.6,4.7,67.6,70.5,75.1,62.5,Yes,0,Not Placed,0.0
STU330,Female,20,BTech,Bengaluru,81.8,8.9,81.7,100,95.3,60.6,Yes,0,Placed,8.19
STU331,Male,22,BCA,Bengaluru,74.2,7.5,81.5,91.7,84.0,56.3,No,0,Placed,6.15
STU332,Male,18,BSc,Mumbai,81.0,6.5,84.3,93.6,68.8,78.7,Yes,0,Placed,6.89
STU333,Female,19,BCA,Delhi,72.5,8.1,84.7,81.1,92.5,64.0,Yes,0,Placed,5.9
STU334,Female,18,BCA,Bengaluru,70.9,5.5,69.6,90.5,73.9,67.7,No,0,Not Placed,0.0
STU335,Female,18,BTech,Bengaluru,89.8,8.2,87.7,97.6,69.9,53.4,No,0,Placed,4.93
STU336,Male,24,MCA,Delhi,80.7,4.7,88.7,83.3,81.5,67.6,No,0,Placed,7.44
STU337,Female,20,BSc,Mumbai,98.1,8.8,100,100,87.8,66.5,No,0,Placed,8.0
STU338,Female,24,BSc,Bengaluru,72.9,7.1,69.4,94.1,59.5,78.5,Yes,4,Not Placed,0.0
STU339,Male,21,MCA,Delhi,83.6,4.2,79.0,78.9,57.9,53.8,No,0,Not Placed,0.0
STU340,Male,21,MCA,Mumbai,58.8,7.2,65.9,94.6,70.7,58.5,No,3,Not Placed,0.0
STU341,Female,23,BSc,Hyderabad,90.1,4.7,54.5,77.3,57.1,77.5,No,0,Not Placed,0.0
STU342,Male,19,BSc,Delhi,77.7,8.1,74.6,98.8,70.0,65.8,Yes,0,Not Placed,0.0
STU343,Female,25,BSc,Lucknow,90.0,7.3,84.5,94.0,81.7,69.7,No,0,Placed,6.22
STU344,Male,20,MCA,Hyderabad,75.8,3.9,80.0,83.0,83.4,66.9,Yes,0,Placed,7.3
STU345,Male,19,BCA,Delhi,84.1,6.3,75.5,99.3,80.7,80.0,Yes,0,Placed,7.63
STU346,Female,20,MCA,Noida,89.4,2.8,71.3,66.6,60.4,76.8,No,0,Placed,6.14
STU347,Male,25,BSc,Delhi,88.8,5.6,90.8,100,72.9,46.6,No,0,Not Placed,0.0
STU348,Female,21,BCA,Delhi,68.3,1.9,58.8,64.6,65.6,42.7,Yes,1,Not Placed,0.0
STU349,Female,20,BSc,Pune,85.3,4.2,70.2,92.6,72.6,71.7,No,0,Placed,5.69
STU350,Male,19,BTech,Mumbai,73.8,4.6,73.7,87.2,79.6,82.5,No,2,Not Placed,0.0
STU351,Female,24,BTech,Delhi,71.3,5.8,61.4,69.0,60.6,70.1,No,0,Not Placed,0.0
STU352,Female,21,BCA,Delhi,65.0,5.0,74.0,70.9,70.4,73.8,Yes,0,Not Placed,0.0
STU353,Male,21,BTech,Mumbai,71.1,2.0,61.7,78.2,62.3,53.2,No,0,Not Placed,0.0
STU354,Male,21,BTech,Pune,88.0,8.4,77.8,97.8,82.9,51.3,Yes,0,Not Placed,0.0
STU355,Female,18,BTech,Pune,80.5,6.6,78.2,89.9,64.8,79.1,No,0,Placed,6.8
STU356,Male,24,MCA,Noida,81.3,8.0,77.3,95.2,60.0,63.1,Yes,0,Placed,7.2
STU357,Male,22,MCA,Hyderabad,64.7,7.4,79.2,76.2,69.3,62.4,No,0,Not Placed,0.0
STU358,Female,23,MCA,Mumbai,85.9,2.2,80.1,74.7,71.6,51.1,No,0,Placed,5.91
STU359,Male,23,BSc,Bengaluru,90.2,2.3,74.5,75.5,49.4,46.3,Yes,0,Placed,5.07
STU360,Female,25,BCA,Mumbai,71.8,2.7,82.1,91.5,59.0,67.8,No,0,Not Placed,0.0
STU361,Female,21,MCA,Mumbai,62.1,6.1,67.4,92.3,76.1,79.4,Yes,1,Placed,6.41
STU362,Female,23,BTech,Lucknow,73.9,3.0,62.3,73.1,46.1,63.3,No,3,Not Placed,0.0
STU363,Female,22,BSc,Noida,78.0,8.6,77.5,100,92.9,56.1,No,0,Not Placed,0.0
STU364,Female,25,BCA,Lucknow,61.7,2.3,66.2,55.9,63.3,54.6,No,0,Not Placed,0.0
STU365,Female,19,BTech,Mumbai,79.7,4.5,82.7,75.2,75.6,76.0,Yes,0,Placed,7.03
STU366,Female,23,MCA,Hyderabad,67.8,6.5,74.1,76.1,72.8,67.9,Yes,1,Placed,5.87
STU367,Female,23,BSc,Noida,82.5,2.0,74.9,74.1,69.2,70.7,No,0,Not Placed,0.0
STU368,Female,25,MCA,Bengaluru,69.2,8.1,64.9,86.7,90.6,88.1,No,0,Not Placed,0.0
STU369,Male,24,MCA,Pune,88.7,2.0,61.8,85.7,49.7,40,Yes,0,Placed,5.54
STU370,Female,23,BSc,Lucknow,76.2,4.8,74.9,87.8,76.5,86.4,No,0,Placed,7.02
STU371,Male,18,MCA,Pune,84.5,5.2,74.6,61.9,82.4,43.4,No,0,Not Placed,0.0
STU372,Male,25,BSc,Bengaluru,80.2,4.9,68.9,78.1,74.3,54.2,Yes,0,Placed,6.23
STU373,Female,18,BCA,Pune,80.6,6.8,87.2,100,71.1,72.0,No,0,Not Placed,0.0
STU374,Male,19,MCA,Pune,78.1,7.1,83.2,93.2,61.3,46.6,Yes,0,Not Placed,0.0
STU375,Female,25,BTech,Lucknow,76.6,8.7,85.5,94.1,98.3,79.7,No,0,Placed,6.86
STU376,Female,18,BTech,Bengaluru,78.4,2.5,69.5,85.5,72.2,54.6,Yes,0,Placed,6.63
STU377,Male,25,BTech,Delhi,87.1,3.5,71.4,68.5,73.8,43.7,Yes,0,Not Placed,0.0
STU378,Female,24,BSc,Noida,70.5,4.8,68.1,76.4,66.4,66.1,No,1,Not Placed,0.0
STU379,Female,21,BSc,Lucknow,83.5,4.4,74.4,91.2,61.3,80.2,No,0,Not Placed,0.0
STU380,Male,23,BSc,Bengaluru,81.6,6.4,78.7,96.2,75.0,60.4,Yes,0,Placed,6.76
STU381,Female,20,BTech,Lucknow,80.1,6.5,67.2,86.9,71.1,59.5,Yes,0,Placed,7.64
STU382,Male,18,MCA,Lucknow,93.5,6.3,82.4,87.0,77.7,65.1,No,0,Not Placed,0.0
STU383,Male,22,BTech,Pune,77.9,8.5,71.9,81.1,74.3,83.9,No,0,Placed,7.76
STU384,Female,23,BCA,Pune,71.3,7.6,85.2,97.7,76.4,86.4,No,0,Placed,7.69
STU385,Male,19,BSc,Hyderabad,84.3,2.3,79.6,80.5,64.7,84.0,Yes,0,Not Placed,0.0
STU386,Female,22,MCA,Bengaluru,83.9,8.3,76.5,91.5,87.5,62.3,No,0,Not Placed,0.0
STU387,Male,18,BSc,Lucknow,93.7,7.6,76.5,94.5,85.7,66.2,Yes,0,Not Placed,0.0
STU388,Female,23,BCA,Hyderabad,88.3,7.2,82.6,99.3,50.6,67.0,Yes,0,Placed,6.57
STU389,Female,21,MCA,Lucknow,59.2,1.7,51.4,69.8,58.9,66.3,No,0,Not Placed,0.0
STU390,Male,23,BCA,Delhi,74.1,6.9,67.1,83.1,76.0,51.5,No,0,Not Placed,0.0
STU391,Male,18,MCA,Lucknow,78.5,1.6,63.7,77.2,54.7,52.8,No,0,Not Placed,0.0
STU392,Female,20,BCA,Noida,87.5,2.3,70.3,58.3,65.7,60.2,No,0,Not Placed,0.0
STU393,Male,20,BTech,Pune,88.1,7.4,76.4,93.6,62.3,59.5,Yes,0,Placed,7.33
STU394,Male,18,MCA,Pune,64.0,7.9,66.6,82.0,83.8,46.0,Yes,2,Not Placed,0.0
STU395,Female,20,MCA,Pune,66.4,3.5,61.4,75.6,71.0,80.4,No,0,Placed,6.6
STU396,Male,21,MCA,Delhi,65.0,5.5,65.5,88.4,73.1,66.9,No,0,Placed,6.33
STU397,Male,20,BSc,Lucknow,78.8,2.7,71.7,73.3,60.1,57.4,No,0,Not Placed,0.0
STU398,Male,20,MCA,Lucknow,86.4,5.1,90.7,100,68.4,47.2,Yes,0,Placed,7.31
STU399,Male,24,MCA,Hyderabad,75.3,3.2,62.4,64.0,67.0,86.0,No,0,Placed,7.46
STU400,Male,23,BTech,Bengaluru,69.1,2.5,64.4,68.7,75.2,71.4,Yes,0,Not Placed,0.0
STU401,Male,20,MCA,Noida,63.2,7.9,50.5,87.1,56.2,47.5,No,0,Not Placed,0.0
STU402,Female,21,MCA,Pune,91.4,8.2,85.4,99.8,94.1,67.0,Yes,0,Placed,7.9
STU403,Male,19,BCA,Bengaluru,83.7,4.5,72.1,82.5,78.3,54.6,No,0,Not Placed,0.0
STU404,Male,25,BSc,Noida,86.0,8.1,85.3,86.5,86.6,48.3,No,0,Not Placed,0.0
STU405,Male,22,BSc,Hyderabad,85.4,6.7,84.2,85.0,65.3,48.4,Yes,0,Placed,5.8
STU406,Female,18,BCA,Bengaluru,75.5,5.0,81.3,87.9,59.3,60.9,No,0,Not Placed,0.0
STU407,Male,25,MCA,Bengaluru,85.4,7.2,75.6,100,64.3,46.7,Yes,0,Placed,7.51
STU408,Female,25,BTech,Lucknow,86.9,8.6,79.0,100,55.7,58.3,Yes,0,Placed,6.42
STU409,Male,20,BTech,Pune,64.7,2.6,67.3,77.0,63.9,59.1,No,0,Not Placed,0.0
STU410,Female,18,BTech,Hyderabad,68.5,1.7,68.1,55.4,51.8,69.5,No,0,Not Placed,0.0
STU411,Female,25,BTech,Delhi,80.6,8.2,78.8,100,77.3,66.8,No,0,Placed,7.87
STU412,Female,20,MCA,Bengaluru,88.2,6.7,79.6,89.0,69.3,64.2,Yes,0,Placed,7.33
STU413,Male,23,BTech,Delhi,66.6,4.9,80.3,83.7,68.4,78.7,No,0,Not Placed,0.0
STU414,Male,23,BTech,Hyderabad,78.1,3.7,92.7,77.6,61.4,63.0,No,0,Not Placed,0.0
STU415,Female,18,MCA,Mumbai,83.3,2.4,81.1,78.5,66.5,67.9,No,0,Not Placed,0.0
STU416,Female,21,BCA,Hyderabad,63.0,7.9,67.9,73.4,82.0,66.1,No,0,Placed,5.98
STU417,Female,23,BSc,Noida,75.2,3.6,63.3,61.6,87.9,90.2,No,0,Not Placed,0.0
STU418,Male,24,BSc,Lucknow,66.2,5.9,79.7,93.2,72.2,75.5,Yes,0,Placed,5.69
STU419,Male,24,BTech,Noida,76.4,5.7,72.7,72.4,74.3,61.8,No,3,Not Placed,0.0
STU420,Female,25,MCA,Hyderabad,58.2,1.5,57.5,85.3,64.2,66.0,No,0,Not Placed,0.0
STU421,Male,18,BCA,Mumbai,85.7,5.2,88.6,87.2,63.4,66.4,Yes,0,Not Placed,0.0
STU422,Male,23,BCA,Noida,88.4,2.7,79.2,79.7,70.2,48.1,Yes,0,Not Placed,0.0
STU423,Male,22,BTech,Hyderabad,79.6,8.5,70.5,93.2,78.1,74.2,No,0,Not Placed,0.0
STU424,Female,22,BTech,Delhi,63.7,5.9,72.6,84.9,58.7,66.2,Yes,0,Placed,7.15
STU425,Male,24,BSc,Noida,91.5,2.4,77.7,76.6,67.6,55.8,No,0,Not Placed,0.0
STU426,Male,22,BCA,Lucknow,85.1,2.4,66.7,80.2,76.3,67.4,No,0,Not Placed,0.0
STU427,Male,18,BSc,Mumbai,85.5,1.8,74.6,83.5,75.1,66.3,Yes,2,Not Placed,0.0
STU428,Male,21,MCA,Delhi,68.3,4.1,70.6,92.1,75.9,84.1,Yes,0,Placed,7.35
STU429,Male,19,BCA,Pune,79.6,6.9,84.9,92.8,73.2,69.7,No,0,Not Placed,0.0
STU430,Female,20,BSc,Bengaluru,83.2,2.3,81.3,57.1,53.9,68.1,No,0,Not Placed,0.0
STU431,Male,25,BTech,Mumbai,84.0,5.7,85.6,91.7,77.6,69.8,Yes,0,Placed,6.85
STU432,Female,21,BCA,Lucknow,90.5,7.5,83.2,100,72.7,45.7,Yes,0,Placed,6.21
STU433,Male,24,BSc,Pune,83.8,8.8,85.4,83.8,82.3,57.8,Yes,0,Placed,7.4
STU434,Female,22,BSc,Delhi,74.6,6.5,85.7,100,62.3,72.5,Yes,0,Placed,7.99
STU435,Male,19,BCA,Bengaluru,87.9,5.2,83.7,88.3,64.2,51.8,No,0,Not Placed,0.0
STU436,Female,25,MCA,Lucknow,72.6,5.2,63.4,80.1,73.0,42.5,No,0,Not Placed,0.0
STU437,Female,25,BTech,Bengaluru,88.7,4.8,82.9,86.9,61.2,70.7,Yes,0,Placed,5.93
STU438,Female,25,BSc,Bengaluru,80.5,2.7,78.7,82.9,67.6,63.1,No,0,Placed,7.01
STU439,Male,20,BTech,Bengaluru,74.4,7.1,95.4,100,70.1,59.7,Yes,0,Placed,7.37
STU440,Male,19,BTech,Noida,64.8,2.8,76.2,74.3,61.6,60.6,No,1,Placed,6.03
STU441,Female,24,BTech,Mumbai,80.7,7.6,91.9,100,68.6,83.9,Yes,0,Placed,6.69
STU442,Male,21,BTech,Bengaluru,71.5,3.7,72.9,65.5,57.2,77.6,No,0,Not Placed,0.0
STU443,Female,24,MCA,Hyderabad,74.4,2.1,63.0,73.6,52.0,57.4,No,0,Not Placed,0.0
STU444,Male,18,MCA,Bengaluru,80.8,3.1,65.1,86.4,61.9,69.3,No,0,Not Placed,0.0
STU445,Male,21,BTech,Noida,77.8,3.3,66.7,74.6,48.6,62.8,No,0,Not Placed,0.0
STU446,Female,20,BTech,Lucknow,83.6,3.3,81.0,80.2,72.3,52.7,No,0,Not Placed,0.0
STU447,Male,20,BTech,Bengaluru,66.0,3.4,60.0,76.8,49.8,62.0,No,3,Not Placed,0.0
STU448,Female,19,BSc,Hyderabad,90.6,6.5,66.5,92.1,67.7,82.2,No,0,Placed,6.07
STU449,Female,25,BCA,Pune,70.5,2.4,68.2,65.6,53.9,72.7,Yes,0,Placed,7.35
STU450,Female,22,BCA,Hyderabad,78.6,4.3,92.1,93.9,65.0,57.5,No,0,Not Placed,0.0
STU451,Female,22,BCA,Hyderabad,82.5,8.3,65.9,100,80.0,92.7,No,0,Placed,7.73
STU452,Female,19,MCA,Hyderabad,88.9,4.4,83.9,80.5,77.4,52.4,No,0,Placed,7.64
STU453,Female,24,BCA,Delhi,71.9,2.1,54.1,68.0,50.7,81.4,No,0,Placed,5.32
STU454,Female,19,BTech,Noida,76.6,7.0,72.5,87.8,67.1,61.3,Yes,0,Placed,7.58
STU455,Female,19,BCA,Hyderabad,67.1,5.4,72.1,98.9,64.3,82.8,No,0,Placed,5.62
STU456,Male,22,MCA,Hyderabad,83.6,7.7,85.1,91.7,70.0,77.9,No,0,Placed,8.28
STU457,Male,19,BSc,Hyderabad,68.9,6.8,70.3,92.4,79.8,59.8,Yes,0,Placed,7.79
STU458,Female,25,BSc,Hyderabad,65.1,6.9,80.8,100,72.2,61.6,Yes,0,Placed,8.07
STU459,Male,24,MCA,Delhi,76.3,2.6,68.0,71.3,71.5,72.2,No,0,Placed,5.71
STU460,Female,24,MCA,Hyderabad,84.3,6.8,81.0,86.0,76.6,63.0,Yes,0,Not Placed,0.0
STU461,Male,18,BTech,Lucknow,79.0,4.4,85.5,83.6,82.3,57.4,Yes,0,Placed,6.83
STU462,Female,24,MCA,Mumbai,71.4,3.8,77.1,89.6,63.9,82.8,No,0,Placed,7.16
STU463,Female,23,BSc,Hyderabad,90.4,3.9,90.0,84.7,80.5,84.2,No,1,Placed,7.1
STU464,Female,24,BCA,Lucknow,98.0,8.5,91.9,100,82.0,66.7,No,0,Placed,7.0
STU465,Male,22,MCA,Pune,88.1,7.1,88.1,86.4,71.5,75.8,Yes,0,Placed,7.8
STU466,Male,23,BCA,Pune,72.2,8.9,79.6,100,82.5,82.4,Yes,0,Placed,8.32
STU467,Female,22,BCA,Noida,73.8,1.8,59.0,60.8,100,72.3,No,3,Not Placed,0.0
STU468,Female,18,BCA,Hyderabad,80.1,6.0,83.2,93.5,72.5,76.0,Yes,0,Placed,6.5
STU469,Male,19,BTech,Pune,78.6,4.7,80.9,87.2,60.5,76.0,No,0,Not Placed,0.0
STU470,Female,22,BSc,Hyderabad,63.4,4.7,77.6,80.1,70.5,79.1,No,0,Not Placed,0.0
STU471,Male,25,BCA,Lucknow,72.5,4.8,77.7,91.6,61.4,60.7,No,0,Not Placed,0.0
STU472,Male,18,BCA,Mumbai,79.1,4.6,86.6,74.0,72.0,67.7,No,2,Not Placed,0.0
STU473,Male,24,BCA,Delhi,63.0,8.1,85.7,95.2,85.3,56.2,Yes,0,Not Placed,0.0
STU474,Male,20,BCA,Mumbai,85.2,6.0,70.0,88.1,68.9,67.2,Yes,0,Placed,7.17
STU475,Female,22,BTech,Delhi,83.7,8.7,79.5,85.4,82.1,58.7,No,0,Placed,7.45
STU476,Male,24,MCA,Pune,63.1,7.3,76.9,97.5,79.4,58.5,Yes,0,Placed,6.77
STU477,Male,21,BTech,Bengaluru,80.6,7.8,83.7,96.9,64.3,71.2,No,0,Not Placed,0.0
STU478,Female,18,BSc,Noida,76.0,5.4,72.1,65.7,86.1,50.2,Yes,2,Not Placed,0.0
STU479,Female,25,BCA,Bengaluru,78.7,8.5,76.7,100,84.3,57.5,Yes,0,Placed,8.3
STU480,Female,20,BTech,Hyderabad,84.5,4.4,71.6,64.0,80.9,67.8,No,0,Placed,6.88
STU481,Male,25,MCA,Noida,67.8,2.7,51.3,68.1,73.5,50.4,No,0,Not Placed,0.0
STU482,Female,20,MCA,Bengaluru,87.8,8.2,89.1,100,64.6,58.3,Yes,0,Placed,7.05
STU483,Female,20,BCA,Mumbai,84.1,8.4,87.4,91.8,81.1,82.0,No,0,Not Placed,0.0
STU484,Male,19,MCA,Noida,82.1,8.0,86.2,100,72.7,47.5,No,0,Not Placed,0.0
STU485,Male,19,MCA,Noida,77.1,4.6,76.9,83.7,60.6,68.8,Yes,0,Not Placed,0.0
STU486,Male,20,BSc,Mumbai,86.4,2.5,79.5,60.4,75.2,84.5,No,0,Not Placed,0.0
STU487,Male,19,BCA,Hyderabad,74.1,4.5,69.3,81.2,56.8,74.2,Yes,0,Not Placed,0.0
STU488,Female,24,BSc,Pune,90.1,6.8,87.7,100,63.4,53.7,No,0,Placed,7.57
STU489,Female,21,BSc,Noida,83.8,8.2,86.4,91.0,79.2,56.9,Yes,0,Placed,9.11
STU490,Male,19,BTech,Lucknow,79.4,7.2,98.5,100,75.7,68.5,No,0,Not Placed,0.0
STU491,Male,23,BTech,Bengaluru,82.0,4.2,70.9,90.6,72.4,46.0,No,0,Not Placed,0.0
STU492,Male,23,BTech,Noida,72.2,7.4,91.3,95.2,58.2,64.8,Yes,0,Not Placed,0.0
STU493,Female,19,MCA,Bengaluru,84.2,7.7,83.0,98.5,77.3,73.6,Yes,0,Placed,7.77
STU494,Female,22,BSc,Hyderabad,82.3,9.0,79.0,81.1,76.6,48.5,No,0,Not Placed,0.0
STU495,Male,21,BSc,Noida,78.1,7.1,87.3,92.8,86.2,56.5,Yes,0,Placed,8.02
STU496,Female,22,BSc,Bengaluru,58.3,2.6,68.2,74.7,50.5,80.8,Yes,0,Placed,7.18
STU497,Female,19,BCA,Pune,76.5,5.8,60.5,74.6,72.6,67.4,No,0,Not Placed,0.0
STU498,Female,25,MCA,Hyderabad,89.3,3.9,79.6,70.3,62.7,66.6,No,0,Not Placed,0.0
STU499,Female,19,MCA,Delhi,84.1,5.8,82.5,77.2,67.0,68.2,Yes,0,Placed,7.88
STU500,Female,18,BCA,Noida,82.8,5.5,81.1,93.9,69.0,63.6,No,0,Not Placed,0.0
STU501,Female,18,BSc,Noida,89.1,1.7,57.0,58.3,68.4,77.9,Yes,1,Placed,6.97
STU502,Male,20,BTech,Lucknow,93.6,6.6,100,100,81.6,65.5,Yes,0,Placed,7.6
STU503,Male,21,MCA,Pune,85.4,5.9,98.7,81.8,72.9,60.3,No,0,Not Placed,0.0
STU504,Male,18,BTech,Mumbai,80.2,5.9,79.7,99.5,81.3,74.2,No,0,Placed,7.7
STU505,Male,23,MCA,Lucknow,86.3,5.5,63.3,89.5,71.1,61.4,No,0,Not Placed,0.0
STU506,Male,25,BTech,Lucknow,81.3,7.8,77.5,99.5,66.3,56.0,Yes,0,Placed,6.96
STU507,Male,22,BSc,Noida,69.4,5.3,80.2,92.0,48.4,65.2,No,0,Not Placed,0.0
STU508,Female,21,BSc,Hyderabad,94.0,4.0,61.1,79.1,67.2,81.8,Yes,0,Placed,7.03
STU509,Female,24,BCA,Mumbai,86.4,6.4,83.0,92.4,80.7,64.4,Yes,0,Placed,7.2
STU510,Male,19,BSc,Mumbai,75.1,2.9,72.4,88.7,65.3,66.9,Yes,0,Placed,5.94
STU511,Male,21,BSc,Bengaluru,94.7,1.8,60.2,67.9,64.7,78.9,No,0,Not Placed,0.0
STU512,Female,20,MCA,Delhi,82.9,5.7,74.0,76.4,76.1,53.7,Yes,0,Placed,5.59
STU513,Male,22,BSc,Bengaluru,53.7,4.7,63.5,73.3,51.2,68.9,No,2,Not Placed,0.0
STU514,Male,21,BCA,Pune,72.0,4.7,85.8,85.7,67.7,59.8,Yes,0,Not Placed,0.0
STU515,Male,21,MCA,Lucknow,67.4,3.8,73.2,76.4,61.5,65.1,No,0,Not Placed,0.0
STU516,Female,21,BTech,Lucknow,88.0,7.7,75.0,87.4,75.3,46.5,Yes,0,Placed,6.59
STU517,Male,24,BTech,Pune,90.3,6.7,83.9,90.0,75.7,64.2,Yes,0,Placed,8.81
STU518,Male,24,MCA,Lucknow,89.2,7.4,89.7,91.0,68.1,52.5,Yes,0,Placed,7.53
STU519,Female,23,MCA,Bengaluru,64.5,1.6,59.1,55.8,71.5,41.6,No,0,Not Placed,0.0
STU520,Female,20,MCA,Pune,66.1,1.8,70.0,78.4,46.0,61.7,No,0,Not Placed,0.0
STU521,Female,23,BTech,Mumbai,75.0,1.6,54.9,58.6,72.8,82.2,No,0,Placed,6.55
STU522,Male,23,MCA,Pune,83.1,6.7,97.5,100,71.8,40.7,No,0,Placed,5.43
STU523,Male,25,MCA,Lucknow,91.7,6.3,79.7,81.5,76.7,79.7,No,0,Placed,5.33
STU524,Female,18,BCA,Delhi,74.7,5.7,84.2,94.8,78.3,77.7,No,0,Placed,6.44
STU525,Female,20,BTech,Noida,88.5,3.3,75.9,82.8,67.2,82.3,Yes,0,Not Placed,0.0
STU526,Male,22,BSc,Delhi,70.6,7.6,68.6,74.5,100,72.4,No,0,Placed,8.18
STU527,Female,23,BTech,Mumbai,81.4,8.8,79.0,98.5,80.3,74.8,No,0,Placed,7.84
STU528,Female,20,BSc,Pune,69.4,2.1,52.9,68.0,72.6,79.6,No,0,Not Placed,0.0
STU529,Male,23,BTech,Pune,79.5,5.1,84.3,84.9,57.1,67.8,No,0,Not Placed,0.0
STU530,Male,24,MCA,Bengaluru,73.0,8.2,64.2,83.0,65.6,56.0,Yes,0,Placed,6.09
STU531,Female,24,BSc,Mumbai,77.9,4.6,69.3,82.7,60.0,65.6,No,0,Placed,6.54
STU532,Male,22,MCA,Hyderabad,63.9,2.0,67.6,71.9,63.4,61.5,No,0,Not Placed,0.0
STU533,Male,22,BCA,Delhi,85.9,3.6,58.6,95.4,85.2,67.2,Yes,0,Not Placed,0.0
STU534,Female,21,MCA,Hyderabad,84.5,3.1,73.4,87.1,55.8,75.9,Yes,3,Not Placed,0.0
STU535,Female,21,BSc,Pune,77.5,5.7,69.0,91.5,86.9,62.4,No,0,Placed,5.76
STU536,Female,23,BCA,Pune,80.6,1.7,73.4,85.8,84.0,73.4,No,0,Placed,6.15
STU537,Male,24,BCA,Delhi,79.7,2.9,78.2,84.1,44.9,52.7,Yes,0,Placed,5.99
STU538,Male,19,BSc,Lucknow,72.2,3.2,59.7,70.5,61.2,42.7,No,0,Not Placed,0.0
STU539,Male,24,BSc,Noida,85.1,4.4,75.2,86.2,65.2,70.7,No,0,Not Placed,0.0
STU540,Male,25,BTech,Lucknow,69.0,8.9,95.1,90.4,81.5,66.3,No,0,Placed,7.42
STU541,Male,22,BSc,Hyderabad,74.3,7.8,82.6,88.5,82.6,47.3,Yes,0,Placed,6.43
STU542,Male,24,BCA,Mumbai,70.6,8.0,87.5,97.0,87.6,64.6,No,0,Placed,6.35
STU543,Male,23,BCA,Pune,85.5,5.3,79.7,78.4,74.5,50.7,Yes,0,Not Placed,0.0
STU544,Female,23,BSc,Delhi,88.8,4.5,81.3,84.5,77.7,73.1,No,0,Not Placed,0.0
STU545,Female,20,BSc,Noida,87.5,7.8,85.9,98.7,83.1,72.2,Yes,0,Placed,7.57
STU546,Male,21,BCA,Pune,90.4,5.5,76.2,83.6,73.4,57.0,No,0,Not Placed,0.0
STU547,Male,18,BCA,Hyderabad,86.0,7.3,81.7,100,70.9,59.5,No,0,Placed,7.02
STU548,Male,21,BCA,Lucknow,86.8,7.7,87.0,100,71.9,58.1,No,0,Placed,4.75
STU549,Male,21,BCA,Lucknow,74.7,2.8,63.2,66.2,69.1,56.1,No,0,Not Placed,0.0
STU550,Male,24,BTech,Hyderabad,85.8,5.2,78.8,98.4,69.9,80.7,Yes,0,Placed,7.04
STU551,Female,20,BTech,Hyderabad,67.9,7.2,68.3,68.7,69.7,48.4,No,0,Not Placed,0.0
STU552,Male,18,MCA,Delhi,57.5,7.2,77.3,96.4,63.0,50.1,Yes,0,Placed,6.19
STU553,Female,23,MCA,Delhi,72.0,6.3,84.0,92.1,58.5,80.8,Yes,0,Placed,6.58
STU554,Male,18,MCA,Lucknow,86.9,6.7,85.0,100,67.7,66.4,Yes,0,Not Placed,0.0
STU555,Male,21,MCA,Noida,63.5,5.9,81.0,72.8,68.6,73.2,Yes,0,Placed,7.17
STU556,Female,21,BTech,Mumbai,89.1,5.1,84.4,94.6,68.4,56.0,No,0,Placed,6.52
STU557,Female,18,BSc,Bengaluru,76.8,2.1,72.8,69.1,50.7,54.1,No,0,Not Placed,0.0
STU558,Female,19,BTech,Hyderabad,66.0,5.0,73.5,87.5,78.6,76.1,No,0,Not Placed,0.0
STU559,Female,24,BSc,Mumbai,73.1,8.9,97.8,100,81.1,82.5,Yes,0,Not Placed,0.0
STU560,Female,25,BTech,Hyderabad,83.8,6.4,92.0,88.8,73.0,80.3,No,0,Not Placed,0.0
STU561,Male,22,BSc,Lucknow,93.1,2.6,74.3,85.6,63.9,45.5,Yes,0,Placed,6.18
STU562,Male,24,MCA,Lucknow,87.9,3.4,53.5,63.9,92.4,63.6,No,0,Not Placed,0.0
STU563,Male,23,MCA,Pune,71.7,3.1,72.5,76.1,48.6,49.2,Yes,0,Not Placed,0.0
STU564,Female,24,MCA,Delhi,67.9,2.9,74.1,82.2,71.7,74.6,Yes,2,Not Placed,0.0
STU565,Female,24,BSc,Hyderabad,82.0,6.2,85.8,95.0,67.7,56.2,Yes,0,Placed,7.6
STU566,Male,18,BCA,Noida,71.6,8.7,74.6,84.4,81.9,74.0,Yes,0,Not Placed,0.0
STU567,Female,25,BTech,Mumbai,81.5,4.0,70.5,72.0,64.7,67.4,No,0,Not Placed,0.0
STU568,Female,19,BCA,Hyderabad,77.7,6.7,76.3,73.6,81.1,87.7,Yes,0,Placed,6.62
STU569,Female,24,MCA,Pune,54.1,6.3,77.9,95.9,64.2,85.1,No,0,Placed,5.06
STU570,Female,19,BTech,Mumbai,76.8,8.5,100,94.8,89.4,63.8,Yes,0,Placed,6.74
STU571,Male,20,BSc,Delhi,86.8,3.8,73.6,74.4,57.1,79.4,Yes,0,Placed,7.47
STU572,Male,19,BCA,Lucknow,77.0,6.9,89.0,100,86.6,45.9,Yes,0,Not Placed,0.0
STU573,Male,25,BCA,Hyderabad,86.7,4.0,77.1,91.3,71.9,55.8,No,0,Not Placed,0.0
STU574,Female,21,MCA,Hyderabad,71.3,3.7,74.8,83.8,59.8,80.5,No,1,Not Placed,0.0
STU575,Male,22,BCA,Mumbai,81.1,2.9,64.2,78.0,67.8,65.3,Yes,0,Placed,6.99
STU576,Female,23,MCA,Noida,87.4,3.7,75.5,81.7,82.9,52.7,No,0,Placed,7.73
STU577,Female,19,BTech,Delhi,98.3,6.8,71.5,90.9,60.7,63.5,No,0,Not Placed,0.0
STU578,Male,18,MCA,Lucknow,88.9,7.0,79.2,100,80.0,43.6,Yes,0,Placed,6.97
STU579,Female,22,MCA,Bengaluru,83.9,5.6,84.9,95.1,76.4,79.2,No,0,Not Placed,0.0
STU580,Male,25,BSc,Delhi,72.5,2.6,64.9,74.5,79.5,82.0,No,0,Not Placed,0.0
STU581,Female,24,MCA,Pune,92.0,2.2,73.4,78.4,64.9,61.9,No,0,Not Placed,0.0
STU582,Male,18,BCA,Mumbai,70.6,5.2,71.3,75.6,45.1,60.2,No,0,Not Placed,0.0
STU583,Female,22,BSc,Hyderabad,75.0,2.4,75.9,83.0,69.1,71.9,No,0,Placed,6.3
STU584,Male,20,BSc,Lucknow,78.4,6.3,68.7,90.3,74.6,78.3,No,0,Not Placed,0.0
STU585,Female,25,BCA,Mumbai,79.3,5.9,74.3,72.9,83.0,92.0,No,0,Placed,7.09
STU586,Female,19,BCA,Pune,65.6,3.0,74.7,82.1,73.7,98.9,No,0,Not Placed,0.0
STU587,Male,21,BTech,Bengaluru,60.2,8.6,82.4,100,68.3,68.9,Yes,0,Not Placed,0.0
STU588,Male,19,BCA,Noida,70.5,2.9,74.1,71.4,81.5,74.6,No,2,Placed,5.58
STU589,Female,24,MCA,Delhi,76.0,2.1,66.6,79.1,58.6,44.3,No,0,Not Placed,0.0
STU590,Female,20,BSc,Noida,87.6,3.9,77.2,73.1,75.9,58.3,No,0,Not Placed,0.0
STU591,Male,23,BTech,Bengaluru,86.2,2.6,73.6,68.8,88.5,64.0,No,0,Placed,4.82
STU592,Female,19,BTech,Mumbai,83.9,8.0,81.7,86.2,71.8,89.5,Yes,0,Placed,9.11
STU593,Female,25,MCA,Pune,71.3,6.6,73.8,77.5,79.1,66.4,No,0,Placed,6.6
STU594,Female,20,BSc,Noida,96.6,7.5,75.7,86.3,77.3,78.5,No,0,Not Placed,0.0
STU595,Female,23,BCA,Pune,82.2,2.1,63.1,69.7,68.4,75.1,No,0,Placed,6.39
STU596,Male,25,BSc,Hyderabad,79.2,9.0,94.7,96.6,65.8,82.3,No,0,Not Placed,0.0
STU597,Female,21,BCA,Pune,81.6,8.7,77.8,83.0,70.0,51.9,No,0,Not Placed,0.0
STU598,Female,24,MCA,Delhi,75.2,2.3,72.3,70.2,46.6,51.2,Yes,0,Placed,6.0
STU599,Female,18,BSc,Lucknow,90.4,7.9,76.0,95.1,77.5,65.1,Yes,0,Placed,7.85
STU600,Male,24,BSc,Bengaluru,68.9,5.5,79.5,82.2,69.4,71.5,Yes,0,Placed,5.98
STU601,Female,19,BSc,Pune,82.8,4.8,88.7,96.3,82.3,58.4,Yes,0,Placed,6.73
STU602,Female,18,MCA,Hyderabad,83.0,8.6,100,99.4,85.6,72.9,No,0,Placed,7.21
STU603,Female,20,BCA,Lucknow,94.0,7.4,78.5,98.5,83.3,49.6,No,0,Placed,6.51
STU604,Female,25,BTech,Hyderabad,72.2,2.1,55.5,71.6,61.4,55.4,Yes,0,Not Placed,0.0
STU605,Female,21,BSc,Delhi,84.1,7.6,80.6,85.8,88.5,90.6,No,0,Placed,9.4
STU606,Female,18,MCA,Noida,63.4,1.9,67.8,64.7,64.9,72.9,No,0,Not Placed,0.0
STU607,Male,22,BTech,Bengaluru,72.1,4.1,77.7,75.4,70.5,48.9,No,0,Not Placed,0.0
STU608,Male,24,MCA,Hyderabad,71.1,5.2,73.6,82.0,72.4,63.5,Yes,0,Not Placed,0.0
STU609,Female,21,BTech,Hyderabad,69.4,4.4,57.8,78.8,62.8,82.8,No,0,Placed,6.9
STU610,Female,19,BCA,Mumbai,92.9,6.1,79.9,97.9,74.8,46.8,Yes,0,Placed,8.34
STU611,Female,23,BSc,Noida,82.1,2.4,61.2,61.4,69.1,80.2,Yes,0,Not Placed,0.0
STU612,Male,18,MCA,Noida,85.0,4.5,71.8,74.4,50.8,84.9,No,0,Not Placed,0.0
STU613,Male,20,BCA,Hyderabad,67.2,3.1,77.8,72.7,43.9,62.1,No,0,Not Placed,0.0
STU614,Female,19,MCA,Delhi,70.0,5.5,76.7,83.1,82.4,82.3,No,4,Not Placed,0.0
STU615,Male,18,BTech,Hyderabad,82.2,8.8,90.0,93.6,99.0,75.6,No,0,Not Placed,0.0
STU616,Male,23,MCA,Hyderabad,84.7,3.6,77.9,79.8,69.2,79.2,No,0,Not Placed,0.0
STU617,Female,21,BSc,Lucknow,69.8,3.5,54.2,58.6,55.6,79.2,No,0,Not Placed,0.0
STU618,Female,20,BSc,Bengaluru,68.3,8.0,83.7,100,84.1,74.7,Yes,0,Placed,7.72
STU619,Male,19,MCA,Lucknow,62.2,3.3,82.9,69.1,72.7,75.5,No,0,Not Placed,0.0
STU620,Male,18,BCA,Mumbai,65.8,7.3,74.2,100,57.1,40,No,0,Not Placed,0.0
STU621,Male,21,MCA,Noida,78.3,5.7,72.2,86.9,67.6,50.5,No,0,Placed,6.3
STU622,Male,24,MCA,Lucknow,53.3,3.2,58.3,72.8,70.8,53.7,No,0,Not Placed,0.0
STU623,Female,20,BCA,Noida,70.0,8.7,98.8,100,78.9,51.5,Yes,1,Placed,8.64
STU624,Male,24,MCA,Mumbai,90.4,6.7,78.7,86.3,80.3,58.5,Yes,0,Not Placed,0.0
STU625,Male,18,MCA,Delhi,86.1,2.6,76.8,82.9,73.6,55.2,Yes,0,Not Placed,0.0
STU626,Male,23,MCA,Delhi,68.2,4.4,66.3,86.2,62.5,66.0,Yes,0,Not Placed,0.0
STU627,Female,24,BSc,Delhi,79.9,5.2,70.3,81.5,83.5,74.0,No,0,Placed,7.3
STU628,Male,23,BSc,Pune,93.9,8.4,92.8,100,82.1,83.4,Yes,0,Placed,6.79
STU629,Male,21,MCA,Lucknow,61.0,2.5,74.7,71.9,59.3,79.9,No,0,Not Placed,0.0
STU630,Female,20,BCA,Pune,66.5,2.6,64.8,73.0,67.2,70.4,No,2,Not Placed,0.0
STU631,Female,23,BSc,Pune,86.3,6.7,80.9,96.3,75.8,75.1,No,3,Not Placed,0.0
STU632,Female,22,MCA,Mumbai,76.7,2.7,78.2,75.2,69.3,56.9,No,0,Placed,5.98
STU633,Male,25,BSc,Lucknow,73.2,6.3,66.1,87.4,65.5,70.3,Yes,2,Not Placed,0.0
STU634,Male,22,MCA,Bengaluru,79.9,2.0,63.8,58.3,53.8,46.4,Yes,0,Not Placed,0.0
STU635,Male,25,BCA,Delhi,60.3,2.2,58.0,59.9,86.4,79.3,Yes,0,Placed,6.91
STU636,Male,23,BSc,Lucknow,90.5,5.3,66.1,81.5,89.5,63.5,No,1,Not Placed,0.0
STU637,Male,21,MCA,Noida,87.1,6.4,82.0,86.4,85.2,68.6,No,0,Placed,6.9
STU638,Female,18,BSc,Mumbai,70.6,9.0,75.1,82.0,60.0,73.0,Yes,0,Placed,6.86
STU639,Male,25,BCA,Noida,77.6,2.8,68.3,76.6,56.3,44.5,No,0,Not Placed,0.0
STU640,Female,20,BCA,Noida,95.1,5.2,77.0,90.1,60.8,79.1,No,0,Not Placed,0.0
STU641,Female,19,BSc,Delhi,79.0,3.5,80.0,71.7,55.8,69.0,Yes,0,Placed,6.92
STU642,Female,19,MCA,Pune,75.6,5.0,68.7,89.0,74.8,78.8,Yes,0,Not Placed,0.0
STU643,Female,21,BSc,Hyderabad,73.8,3.9,65.3,85.7,65.8,69.0,Yes,0,Placed,7.15
STU644,Male,23,BCA,Delhi,96.8,7.3,100,100,83.8,40,Yes,2,Placed,6.99
STU645,Male,22,BSc,Mumbai,62.8,8.1,82.2,89.2,75.6,56.0,Yes,0,Placed,6.92
STU646,Female,20,MCA,Lucknow,74.4,4.6,60.5,79.1,75.8,71.6,No,0,Placed,6.62
STU647,Male,23,BTech,Mumbai,56.5,8.2,64.7,100.0,66.8,58.8,Yes,0,Not Placed,0.0
STU648,Male,25,BCA,Lucknow,59.2,7.1,61.9,91.2,84.1,68.2,Yes,0,Placed,7.28
STU649,Female,23,BCA,Mumbai,72.9,3.8,71.8,74.7,35,64.6,No,0,Not Placed,0.0
STU650,Female,19,MCA,Mumbai,77.7,4.3,68.4,77.4,60.1,75.3,No,0,Not Placed,0.0
STU651,Male,19,BCA,Hyderabad,63.4,1.6,64.6,66.7,59.6,54.3,No,0,Not Placed,0.0
STU652,Female,24,MCA,Hyderabad,69.9,4.9,67.8,84.5,62.3,84.6,No,0,Not Placed,0.0
STU653,Female,18,BTech,Mumbai,86.3,5.3,77.2,97.2,63.5,96.0,No,3,Placed,7.34
STU654,Female,23,MCA,Hyderabad,94.1,8.9,92.5,100,100,48.6,No,0,Placed,6.0
STU655,Female,20,BSc,Noida,90.9,5.4,76.9,87.2,75.9,64.2,No,0,Not Placed,0.0
STU656,Male,23,MCA,Hyderabad,63.6,1.7,75.2,73.3,67.8,72.0,No,0,Placed,5.85
STU657,Female,20,MCA,Lucknow,82.7,3.2,49.2,73.7,84.3,77.8,Yes,1,Placed,6.38
STU658,Male,19,BSc,Pune,92.1,2.4,77.2,80.3,68.1,77.1,No,0,Placed,6.51
STU659,Male,21,BSc,Noida,75.2,3.9,63.1,87.9,56.4,55.7,No,0,Placed,5.96
STU660,Female,25,BCA,Delhi,67.1,7.1,80.9,90.8,73.4,68.2,Yes,0,Placed,7.48
STU661,Male,20,BTech,Noida,71.9,3.0,74.6,87.1,72.5,55.4,No,0,Not Placed,0.0
STU662,Male,21,BTech,Noida,94.3,2.3,76.7,77.7,53.8,53.9,No,0,Not Placed,0.0
STU663,Female,19,BSc,Mumbai,76.9,5.8,88.7,83.4,80.5,53.2,No,0,Placed,6.59
STU664,Female,24,BCA,Delhi,64.8,7.6,72.0,94.0,72.1,67.9,Yes,0,Placed,6.88
STU665,Female,23,MCA,Hyderabad,80.4,4.4,62.4,69.4,61.0,51.9,No,0,Placed,6.71
STU666,Female,24,BTech,Delhi,87.3,3.0,81.9,82.0,74.4,55.8,No,0,Not Placed,0.0
STU667,Male,22,BCA,Lucknow,82.5,7.9,100,100,71.5,72.2,No,0,Placed,6.52
STU668,Female,22,BTech,Lucknow,73.4,4.1,68.5,90.4,74.7,72.9,No,0,Not Placed,0.0
STU669,Female,19,BCA,Mumbai,70.0,7.7,80.7,100,97.3,79.3,Yes,0,Placed,7.66
STU670,Male,18,BTech,Bengaluru,90.0,1.8,77.5,75.4,63.5,83.4,No,0,Not Placed,0.0
STU671,Female,19,MCA,Pune,73.4,2.6,53.7,60.0,74.7,67.3,No,0,Not Placed,0.0
STU672,Female,23,BSc,Lucknow,70.0,3.5,67.3,79.0,45.6,68.0,No,0,Placed,5.88
STU673,Male,25,BSc,Bengaluru,68.4,2.3,64.2,73.3,74.8,70.9,Yes,0,Placed,5.99
STU674,Male,20,MCA,Bengaluru,91.5,4.4,67.4,82.3,73.2,54.2,No,0,Not Placed,0.0
STU675,Male,20,BSc,Lucknow,89.7,7.1,85.1,100,76.3,69.7,Yes,0,Not Placed,0.0
STU676,Female,24,MCA,Bengaluru,66.7,5.3,69.0,82.6,67.0,75.8,No,0,Placed,5.41
STU677,Female,24,BCA,Bengaluru,83.4,6.3,86.1,97.6,70.8,57.2,Yes,0,Placed,7.43
STU678,Female,24,BSc,Hyderabad,64.1,7.0,79.5,88.0,75.4,74.0,Yes,0,Placed,8.17
STU679,Female,22,MCA,Delhi,67.7,6.6,80.5,94.9,78.2,76.0,Yes,4,Not Placed,0.0
STU680,Male,23,BSc,Delhi,81.0,5.2,73.6,84.0,74.8,54.2,No,0,Placed,5.29
STU681,Male,19,BTech,Noida,87.0,4.0,68.0,78.2,54.5,50.9,No,0,Not Placed,0.0
STU682,Female,19,BTech,Hyderabad,83.5,7.0,100,100,83.1,46.9,Yes,0,Placed,8.29
STU683,Male,21,BSc,Noida,82.3,8.7,84.3,100,66.7,59.7,No,0,Not Placed,0.0
STU684,Female,24,BTech,Lucknow,73.1,1.8,71.4,64.0,60.6,64.4,No,0,Not Placed,0.0
STU685,Female,20,BSc,Mumbai,83.4,5.4,81.3,84.8,83.2,53.1,Yes,0,Placed,7.33
STU686,Male,18,BSc,Delhi,73.0,4.7,72.1,81.4,67.5,61.4,No,0,Not Placed,0.0
STU687,Male,22,MCA,Lucknow,98.1,3.0,74.0,74.7,70.9,65.2,No,0,Not Placed,0.0
STU688,Female,22,BTech,Pune,67.8,4.8,81.0,75.0,77.8,67.9,No,0,Placed,5.79
STU689,Male,24,BSc,Bengaluru,63.8,5.4,88.3,86.5,56.2,64.9,No,0,Not Placed,0.0
STU690,Male,24,BCA,Pune,85.5,6.1,86.0,89.5,79.6,69.0,No,0,Not Placed,0.0
STU691,Male,24,BCA,Bengaluru,77.8,7.2,87.4,80.6,71.2,45.4,Yes,0,Not Placed,0.0
STU692,Female,23,BCA,Delhi,65.2,5.9,95.8,81.5,67.5,65.6,No,3,Not Placed,0.0
STU693,Female,22,BCA,Bengaluru,87.0,6.2,79.9,90.6,76.6,61.5,Yes,0,Placed,6.68
STU694,Female,24,BCA,Lucknow,92.0,3.7,71.4,78.5,70.8,72.6,No,0,Not Placed,0.0
STU695,Female,20,BCA,Pune,68.3,7.6,75.2,88.8,71.8,57.9,Yes,0,Not Placed,0.0
STU696,Female,22,BSc,Pune,75.6,7.5,65.9,92.6,78.5,58.8,Yes,0,Placed,6.72
STU697,Male,23,MCA,Lucknow,78.0,6.9,70.1,84.9,100,62.6,Yes,0,Placed,7.08
STU698,Male,20,BTech,Pune,82.8,5.7,62.9,86.0,82.5,77.5,No,0,Not Placed,0.0
STU699,Female,25,MCA,Delhi,80.8,8.5,86.1,90.2,82.6,87.9,Yes,0,Placed,9.25
STU700,Male,19,BCA,Pune,78.8,6.6,83.4,89.7,78.9,82.8,Yes,0,Placed,6.89
STU701,Female,19,BCA,Pune,81.7,2.4,71.4,70.8,65.7,69.9,No,0,Not Placed,0.0
STU702,Male,21,MCA,Mumbai,71.1,4.8,70.7,86.8,77.0,84.2,Yes,0,Placed,7.24
STU703,Male,18,BTech,Mumbai,86.0,5.8,74.9,91.3,65.2,79.8,No,0,Placed,6.12
STU704,Female,23,BTech,Bengaluru,81.8,5.7,79.8,90.2,62.4,55.5,Yes,0,Placed,7.35
STU705,Female,18,MCA,Bengaluru,87.6,3.7,78.8,84.3,59.4,65.4,Yes,0,Placed,6.49
STU706,Female,24,BCA,Lucknow,80.0,8.2,67.2,82.9,90.3,50.2,Yes,0,Not Placed,0.0
STU707,Male,21,BTech,Bengaluru,91.9,6.5,87.6,89.3,96.4,84.2,No,0,Placed,9.18
STU708,Male,25,MCA,Lucknow,71.7,1.8,62.3,77.4,64.1,62.4,No,0,Placed,6.26
STU709,Male,21,BSc,Noida,83.4,7.0,79.2,91.4,75.5,49.3,Yes,0,Placed,9.03
STU710,Female,21,BTech,Lucknow,77.1,1.9,53.0,66.4,75.9,57.7,No,0,Not Placed,0.0
STU711,Male,18,BCA,Hyderabad,61.0,4.8,51.6,73.4,74.1,85.2,Yes,0,Placed,5.37
STU712,Male,19,BTech,Noida,92.7,3.0,70.9,61.2,83.5,52.2,Yes,0,Placed,7.24
STU713,Female,19,BCA,Lucknow,74.3,4.6,68.1,88.7,64.0,64.2,No,0,Not Placed,0.0
STU714,Female,20,BCA,Lucknow,95.6,6.7,77.2,85.3,66.7,52.2,Yes,0,Not Placed,0.0
STU715,Male,22,BSc,Noida,78.7,8.0,82.6,95.1,77.2,55.2,Yes,0,Placed,8.16
STU716,Male,23,BTech,Hyderabad,87.2,5.9,80.6,81.6,77.6,53.4,No,0,Placed,6.92
STU717,Female,25,BSc,Lucknow,80.7,5.8,82.8,84.5,70.4,62.9,Yes,2,Not Placed,0.0
STU718,Male,22,BTech,Mumbai,80.7,1.8,49.6,62.7,70.9,46.9,Yes,0,Not Placed,0.0
STU719,Female,20,BSc,Bengaluru,77.8,4.8,63.0,58.5,74.0,69.5,Yes,0,Placed,6.25
STU720,Female,19,BSc,Bengaluru,68.1,7.2,74.2,100,81.5,62.2,No,1,Placed,5.97
STU721,Female,18,MCA,Lucknow,61.4,6.9,59.2,84.5,77.6,77.8,No,0,Placed,6.03
STU722,Female,19,BCA,Noida,70.5,3.9,59.1,85.1,53.1,85.7,Yes,0,Not Placed,0.0
STU723,Female,23,BSc,Mumbai,93.0,3.7,84.3,83.9,67.7,74.6,Yes,0,Placed,6.84
STU724,Female,21,BSc,Bengaluru,87.9,1.7,57.1,64.8,54.5,87.4,No,0,Not Placed,0.0
STU725,Female,19,BCA,Delhi,81.6,6.4,81.1,83.9,71.4,43.1,Yes,0,Not Placed,0.0
STU726,Female,23,BCA,Mumbai,83.7,4.8,68.3,88.6,67.0,50.2,No,0,Placed,6.03
STU727,Female,21,MCA,Pune,92.0,3.3,85.5,75.0,61.3,69.6,Yes,0,Placed,6.28
STU728,Male,20,BSc,Lucknow,56.7,2.4,60.7,68.8,72.7,77.4,Yes,0,Not Placed,0.0
STU729,Male,24,BSc,Lucknow,74.6,4.5,68.2,67.8,61.9,61.1,No,0,Not Placed,0.0
STU730,Male,23,BSc,Bengaluru,91.2,6.2,72.1,86.4,63.1,68.0,No,0,Not Placed,0.0
STU731,Male,20,BCA,Noida,81.2,4.3,61.8,72.1,60.3,51.0,No,0,Not Placed,0.0
STU732,Male,24,BTech,Bengaluru,73.6,3.9,69.9,80.0,71.1,71.5,Yes,0,Placed,4.7
STU733,Female,19,BTech,Hyderabad,72.3,2.4,65.0,79.7,69.0,78.3,No,0,Not Placed,0.0
STU734,Female,20,BCA,Bengaluru,69.3,7.8,78.8,93.0,93.8,58.7,No,3,Placed,6.8
STU735,Female,25,MCA,Hyderabad,87.9,3.7,93.3,95.3,78.2,72.6,Yes,0,Not Placed,0.0
STU736,Male,23,BCA,Lucknow,85.1,3.2,75.7,81.9,69.3,45.8,No,2,Not Placed,0.0
STU737,Female,19,BTech,Delhi,68.6,5.7,77.0,92.8,56.8,79.6,No,0,Placed,5.84
STU738,Female,25,MCA,Pune,78.4,2.9,65.4,73.1,62.1,65.8,No,0,Not Placed,0.0
STU739,Male,20,BCA,Mumbai,76.5,3.5,62.8,81.5,58.3,61.9,Yes,0,Placed,6.47
STU740,Female,23,BSc,Noida,72.6,3.1,77.1,94.4,59.3,70.1,Yes,0,Placed,7.49
STU741,Male,23,BSc,Mumbai,84.0,7.3,68.3,90.9,64.4,53.7,Yes,0,Not Placed,0.0
STU742,Female,18,BTech,Noida,71.4,3.9,63.0,81.1,47.9,68.6,No,0,Not Placed,0.0
STU743,Female,24,MCA,Lucknow,80.7,2.7,73.0,85.8,78.0,58.4,No,2,Not Placed,0.0
STU744,Female,23,BCA,Noida,82.7,5.4,74.0,88.9,77.5,87.3,Yes,0,Not Placed,0.0
STU745,Female,21,MCA,Noida,92.8,1.8,90.8,80.5,73.4,71.2,Yes,0,Placed,7.24
STU746,Male,24,BSc,Delhi,65.7,7.1,69.8,88.9,75.2,45.5,Yes,3,Not Placed,0.0
STU747,Male,24,MCA,Pune,87.9,7.9,72.2,94.7,66.3,68.5,Yes,0,Placed,8.08
STU748,Female,24,BCA,Mumbai,69.9,4.5,69.5,86.5,63.1,55.4,No,0,Not Placed,0.0
STU749,Male,25,MCA,Pune,80.8,1.7,68.7,61.4,58.2,56.4,Yes,0,Placed,5.74
STU750,Male,19,MCA,Lucknow,76.1,7.8,79.1,79.8,71.5,79.2,Yes,0,Not Placed,0.0
STU751,Female,24,BCA,Hyderabad,71.7,3.1,71.2,67.2,59.7,72.5,No,0,Not Placed,0.0
STU752,Male,19,BSc,Mumbai,83.9,4.3,73.6,81.0,62.8,75.0,No,1,Placed,6.63
STU753,Female,20,BSc,Delhi,76.0,3.7,64.7,78.2,79.3,63.3,No,0,Not Placed,0.0
STU754,Female,21,BTech,Lucknow,79.3,3.4,53.0,74.8,80.4,74.9,Yes,0,Not Placed,0.0
STU755,Female,24,MCA,Delhi,66.7,2.0,70.2,70.6,66.9,78.8,Yes,1,Placed,6.02
STU756,Female,18,MCA,Lucknow,71.9,7.7,87.7,100,63.6,55.7,Yes,0,Placed,6.57
STU757,Male,19,MCA,Mumbai,72.1,3.5,80.4,89.0,50.4,50.3,No,0,Not Placed,0.0
STU758,Female,21,MCA,Mumbai,54.0,3.2,65.8,92.2,56.9,64.1,Yes,4,Not Placed,0.0
STU759,Female,24,BSc,Delhi,73.7,5.3,81.6,94.0,61.8,71.4,Yes,0,Placed,8.28
STU760,Female,20,BSc,Hyderabad,80.4,5.2,65.8,84.2,55.1,63.6,Yes,0,Placed,6.99
STU761,Female,24,MCA,Noida,81.8,8.1,88.5,96.8,59.6,96.4,Yes,0,Placed,6.78
STU762,Female,18,BTech,Pune,58.9,3.6,60.9,71.5,63.2,74.2,No,0,Not Placed,0.0
STU763,Female,25,MCA,Delhi,78.1,8.1,93.8,100,57.1,65.9,Yes,0,Not Placed,0.0
STU764,Male,24,BCA,Noida,61.0,6.3,75.2,91.7,70.3,68.6,No,3,Not Placed,0.0
STU765,Male,23,BCA,Noida,92.8,4.5,78.2,89.4,58.0,51.0,No,0,Not Placed,0.0
STU766,Male,24,MCA,Lucknow,82.2,7.8,74.9,100.0,72.3,70.4,No,0,Not Placed,0.0
STU767,Male,19,MCA,Mumbai,84.7,2.9,77.9,59.9,52.0,73.0,No,2,Not Placed,0.0
STU768,Male,20,BTech,Hyderabad,60.8,6.8,67.8,89.5,74.5,56.7,No,0,Placed,6.93
STU769,Female,22,BCA,Hyderabad,78.6,5.8,70.3,94.2,57.3,82.2,Yes,0,Placed,6.6
STU770,Female,23,BTech,Lucknow,69.3,6.7,74.7,74.5,70.4,88.0,Yes,0,Placed,7.87
STU771,Male,25,MCA,Lucknow,77.9,3.9,61.2,70.5,74.0,45.1,No,0,Placed,5.19
STU772,Male,23,BTech,Hyderabad,67.3,5.6,73.7,85.5,57.6,57.6,No,0,Not Placed,0.0
STU773,Female,23,BSc,Pune,83.3,3.8,66.8,92.8,63.9,83.5,No,0,Not Placed,0.0
STU774,Male,20,MCA,Lucknow,91.8,8.1,81.8,100,72.5,63.5,Yes,0,Not Placed,0.0
STU775,Female,20,BTech,Delhi,77.7,2.7,66.6,77.3,64.4,80.0,Yes,0,Placed,7.27
STU776,Male,23,BCA,Lucknow,78.2,4.1,60.6,77.8,60.3,53.7,No,0,Not Placed,0.0
STU777,Female,20,BTech,Bengaluru,85.7,2.5,73.7,57.6,72.3,54.6,No,1,Not Placed,0.0
STU778,Male,21,MCA,Noida,85.8,4.3,67.8,91.4,56.2,69.5,No,0,Placed,6.33
STU779,Female,20,BSc,Mumbai,66.7,3.8,76.1,75.8,54.4,63.4,No,0,Placed,5.57
STU780,Male,23,BCA,Pune,82.8,4.5,76.9,78.2,77.1,75.0,Yes,0,Placed,7.0
STU781,Female,19,BSc,Lucknow,78.9,7.4,82.4,91.1,55.3,87.4,Yes,0,Not Placed,0.0
STU782,Male,18,BTech,Lucknow,93.3,6.8,87.9,94.1,87.4,71.7,Yes,3,Placed,6.42
STU783,Female,22,BSc,Noida,74.0,3.7,74.4,69.9,69.8,56.5,Yes,0,Not Placed,0.0
STU784,Male,24,MCA,Mumbai,67.9,5.5,75.7,88.9,47.1,57.7,No,0,Not Placed,0.0
STU785,Female,18,BCA,Noida,73.7,1.8,55.4,57.5,63.6,65.0,No,0,Not Placed,0.0
STU786,Female,24,BCA,Bengaluru,68.3,7.1,74.3,77.9,90.9,91.2,No,0,Not Placed,0.0
STU787,Male,18,BTech,Delhi,80.7,3.1,76.9,75.2,63.3,58.4,Yes,0,Placed,6.65
STU788,Male,24,MCA,Bengaluru,71.9,5.0,73.5,86.1,54.2,50.1,Yes,0,Not Placed,0.0
STU789,Female,24,BTech,Delhi,79.9,5.1,88.1,81.8,66.3,63.0,No,0,Not Placed,0.0
STU790,Female,22,BSc,Noida,58.8,7.9,71.2,100,68.5,67.0,No,0,Placed,7.03
STU791,Female,25,BCA,Pune,67.0,5.9,65.9,76.5,54.2,82.3,Yes,0,Not Placed,0.0
STU792,Male,24,BCA,Mumbai,63.8,3.1,75.5,76.8,65.2,75.9,No,0,Not Placed,0.0
STU793,Male,24,BTech,Pune,73.4,4.2,84.3,94.5,83.0,53.2,No,0,Not Placed,0.0
STU794,Female,22,BSc,Delhi,67.0,8.1,78.2,96.1,81.4,62.6,No,0,Placed,6.06
STU795,Male,21,MCA,Noida,81.6,5.3,80.9,96.0,76.6,68.8,Yes,0,Placed,7.68
STU796,Male,24,MCA,Delhi,88.6,2.7,61.7,83.0,77.0,91.9,Yes,0,Not Placed,0.0
STU797,Female,25,MCA,Delhi,83.5,4.8,76.5,88.6,55.7,80.5,No,0,Not Placed,0.0
STU798,Female,19,BCA,Bengaluru,85.3,6.6,73.3,94.1,63.9,78.7,No,0,Placed,6.23
STU799,Male,25,BSc,Mumbai,87.8,1.9,59.8,73.3,47.2,77.2,No,0,Not Placed,0.0
STU800,Male,19,MCA,Noida,88.5,7.2,86.0,82.9,66.8,63.4,Yes,0,Placed,7.83
STU801,Male,23,BCA,Bengaluru,77.7,6.8,79.4,78.1,64.2,65.5,Yes,0,Placed,7.25
STU802,Female,18,MCA,Mumbai,89.8,5.7,81.7,87.0,64.2,69.6,No,0,Placed,5.96
STU803,Male,20,BTech,Bengaluru,89.0,3.4,76.8,94.2,62.9,43.4,No,0,Not Placed,0.0
STU804,Female,25,MCA,Hyderabad,95.1,6.3,76.0,83.7,65.1,81.4,No,0,Placed,5.54
STU805,Male,23,MCA,Mumbai,73.1,3.2,69.4,73.0,81.6,68.8,No,0,Not Placed,0.0
STU806,Male,21,BTech,Lucknow,83.0,4.5,69.2,85.8,74.1,40,No,0,Not Placed,0.0
STU807,Female,21,MCA,Lucknow,71.2,7.0,74.2,86.2,58.3,55.7,Yes,0,Placed,5.92
STU808,Male,19,MCA,Delhi,79.4,2.0,69.3,81.8,53.5,60.0,No,0,Not Placed,0.0
STU809,Female,19,BSc,Delhi,63.0,3.0,59.2,69.8,49.4,71.1,No,3,Not Placed,0.0
STU810,Female,18,BTech,Noida,85.4,6.0,74.9,87.4,60.4,82.9,Yes,0,Placed,6.92
STU811,Female,19,MCA,Hyderabad,78.5,3.9,82.4,91.4,65.1,62.5,Yes,0,Placed,7.42
STU812,Male,21,BCA,Mumbai,85.7,3.1,65.7,73.8,62.1,54.9,No,0,Placed,6.53
STU813,Male,20,MCA,Noida,73.7,5.4,85.6,78.2,71.3,58.8,Yes,0,Not Placed,0.0
STU814,Male,22,BTech,Hyderabad,84.6,7.7,78.2,91.6,83.5,64.8,No,0,Placed,6.68
STU815,Male,25,BTech,Delhi,57.3,6.8,75.3,100,66.2,62.8,No,0,Not Placed,0.0
STU816,Male,25,BTech,Hyderabad,64.4,3.3,61.6,81.2,61.2,71.2,Yes,0,Not Placed,0.0
STU817,Female,21,BTech,Lucknow,96.6,5.9,86.1,91.8,67.4,72.6,Yes,0,Not Placed,0.0
STU818,Female,24,MCA,Hyderabad,89.6,5.9,71.9,81.2,64.7,71.5,No,0,Not Placed,0.0
STU819,Male,20,BCA,Hyderabad,89.4,6.7,81.7,72.0,63.4,80.4,Yes,0,Placed,6.48
STU820,Female,22,BCA,Lucknow,66.2,6.3,78.0,76.3,77.5,79.1,No,0,Not Placed,0.0
STU821,Female,25,BTech,Pune,80.8,6.3,76.6,87.9,59.3,85.7,No,0,Placed,5.33
STU822,Male,19,BSc,Hyderabad,87.5,5.0,97.9,75.3,75.9,56.5,No,0,Not Placed,0.0
STU823,Female,18,BSc,Mumbai,80.8,1.5,67.8,67.6,64.2,66.4,Yes,0,Placed,5.48
STU824,Female,20,MCA,Noida,86.0,3.0,75.7,77.8,68.6,77.9,No,0,Placed,5.1
STU825,Male,21,MCA,Pune,72.9,4.7,69.8,99.5,69.4,56.2,No,0,Not Placed,0.0
STU826,Male,25,MCA,Lucknow,75.4,4.9,69.3,84.6,55.0,57.0,Yes,0,Not Placed,0.0
STU827,Male,21,BCA,Pune,92.8,7.1,68.7,100,70.0,50.6,No,0,Placed,6.59
STU828,Female,24,BCA,Pune,74.6,8.6,82.1,100,66.5,70.8,Yes,0,Placed,10.43
STU829,Male,22,BTech,Bengaluru,60.1,7.9,76.3,95.3,66.2,61.0,Yes,0,Placed,7.13
STU830,Female,20,BSc,Noida,67.8,8.5,73.3,100,70.6,84.4,Yes,0,Placed,9.1
STU831,Female,23,BTech,Hyderabad,81.9,1.7,69.8,70.7,47.1,57.2,No,0,Not Placed,0.0
STU832,Male,20,BCA,Noida,56.6,8.2,95.3,100,80.2,84.6,No,0,Placed,6.14
STU833,Female,25,BTech,Delhi,65.6,6.4,67.1,78.6,79.9,63.5,No,0,Placed,6.59
STU834,Male,21,BCA,Noida,85.1,6.9,79.8,100,74.1,75.9,Yes,0,Placed,6.8
STU835,Male,23,BSc,Hyderabad,75.2,2.6,62.6,69.7,44.3,74.2,No,0,Placed,4.37
STU836,Male,21,MCA,Noida,75.9,1.6,49.9,65.0,69.6,92.0,No,0,Not Placed,0.0
STU837,Female,19,BTech,Noida,82.7,5.4,63.3,100,74.2,86.4,No,0,Placed,7.76
STU838,Male,23,BSc,Pune,82.4,8.7,74.9,100,82.3,67.8,Yes,0,Placed,8.39
STU839,Male,20,BSc,Bengaluru,87.5,8.1,81.5,96.6,69.6,41.0,No,0,Not Placed,0.0
STU840,Male,23,MCA,Pune,83.7,9.0,89.1,100,72.1,66.1,Yes,0,Placed,5.54
STU841,Male,22,BCA,Noida,94.1,8.6,84.4,94.7,99.7,85.2,Yes,0,Placed,7.68
STU842,Female,21,BCA,Mumbai,61.2,4.6,77.1,94.8,66.9,70.6,Yes,0,Placed,6.87
STU843,Female,19,MCA,Lucknow,94.4,3.6,80.4,83.9,66.0,79.7,No,0,Not Placed,0.0
STU844,Male,22,BCA,Hyderabad,86.0,6.0,78.5,89.4,83.2,64.5,Yes,0,Placed,7.23
STU845,Female,22,BCA,Bengaluru,75.4,8.2,88.7,100,57.4,66.9,No,0,Placed,8.52
STU846,Female,21,BSc,Pune,88.1,8.7,100,95.4,85.0,78.2,Yes,0,Placed,9.08
STU847,Female,23,BCA,Bengaluru,56.3,6.8,61.1,86.1,70.6,66.6,No,0,Not Placed,0.0
STU848,Female,24,BCA,Pune,81.4,5.9,83.6,70.8,67.0,75.1,No,0,Not Placed,0.0
STU849,Female,18,BTech,Delhi,82.5,4.8,60.4,81.8,79.3,79.8,No,0,Not Placed,0.0
STU850,Male,18,BTech,Pune,63.9,8.4,82.5,86.0,77.8,69.3,Yes,0,Placed,7.12
STU851,Female,20,MCA,Bengaluru,80.4,8.0,84.0,89.6,62.3,77.2,Yes,0,Placed,6.64
STU852,Male,23,BTech,Mumbai,64.1,6.9,70.2,83.4,63.9,58.5,Yes,0,Placed,7.44
STU853,Male,20,BTech,Lucknow,56.8,2.9,46.2,62.8,72.1,64.9,Yes,0,Placed,7.69
STU854,Male,24,BTech,Lucknow,66.5,4.1,65.9,80.8,50.7,79.7,No,0,Not Placed,0.0
STU855,Female,21,BSc,Noida,87.7,3.3,88.0,100,74.4,75.2,Yes,0,Placed,7.78
STU856,Male,18,BSc,Hyderabad,88.2,4.6,73.2,71.9,66.0,64.8,No,0,Not Placed,0.0
STU857,Female,23,BTech,Mumbai,76.9,4.2,63.8,82.3,63.9,78.4,Yes,0,Not Placed,0.0
STU858,Male,19,BSc,Mumbai,79.8,2.3,74.4,76.7,57.6,51.5,No,0,Not Placed,0.0
STU859,Male,25,BSc,Hyderabad,78.8,4.8,53.7,80.3,67.0,62.4,Yes,0,Placed,6.81
STU860,Female,19,BTech,Noida,80.6,8.6,82.9,86.6,61.1,83.6,No,0,Placed,5.13
STU861,Male,24,MCA,Lucknow,85.8,8.9,84.4,87.1,67.9,90.1,No,0,Placed,6.98
STU862,Female,20,MCA,Hyderabad,70.9,6.0,75.1,82.3,75.8,76.5,Yes,3,Not Placed,0.0
STU863,Female,24,BSc,Delhi,83.8,2.5,68.6,75.8,55.5,89.4,No,0,Not Placed,0.0
STU864,Female,19,BTech,Mumbai,77.5,2.2,66.8,87.5,75.2,77.2,Yes,4,Placed,6.08
STU865,Female,19,MCA,Hyderabad,68.5,6.2,80.5,92.2,76.1,72.8,No,0,Not Placed,0.0
STU866,Male,20,BSc,Bengaluru,58.6,1.8,47.3,43.3,53.3,80.1,Yes,0,Placed,5.35
STU867,Male,19,BSc,Lucknow,68.7,2.7,60.3,65.8,48.7,77.0,No,0,Not Placed,0.0
STU868,Female,21,BTech,Mumbai,66.3,8.7,65.8,94.3,77.7,85.0,Yes,0,Placed,7.71
STU869,Male,23,BSc,Pune,85.5,6.3,70.0,85.7,78.3,69.1,Yes,0,Placed,8.44
STU870,Male,23,BSc,Bengaluru,81.6,3.8,86.8,83.0,69.3,52.7,Yes,0,Placed,5.45
STU871,Male,23,BCA,Delhi,79.7,1.9,58.7,65.5,69.3,91.1,No,0,Not Placed,0.0
STU872,Female,18,MCA,Hyderabad,63.9,8.6,83.7,100,63.8,53.9,No,3,Not Placed,0.0
STU873,Male,22,BCA,Bengaluru,90.9,6.4,88.0,99.4,69.6,47.3,No,0,Placed,6.77
STU874,Male,22,BSc,Mumbai,83.4,6.8,86.8,90.2,87.2,73.2,Yes,3,Placed,7.25
STU875,Female,22,BCA,Delhi,82.0,4.5,70.6,77.6,58.5,74.9,Yes,0,Placed,7.89
STU876,Female,20,BTech,Delhi,93.8,6.9,82.9,87.0,71.2,72.6,No,0,Not Placed,0.0
STU877,Male,25,MCA,Delhi,65.5,9.0,76.6,99.1,77.3,64.6,No,0,Placed,6.12
STU878,Female,18,MCA,Lucknow,85.9,6.9,76.6,92.3,74.7,58.7,Yes,0,Not Placed,0.0
STU879,Female,24,MCA,Noida,93.2,5.3,76.2,87.0,86.3,61.5,No,0,Not Placed,0.0
STU880,Male,20,BTech,Delhi,61.0,6.6,71.1,79.6,75.8,74.5,Yes,0,Placed,8.86
STU881,Male,24,BCA,Bengaluru,80.5,7.6,82.6,91.5,76.9,74.4,Yes,0,Not Placed,0.0
STU882,Female,22,BSc,Noida,77.4,7.1,75.3,81.2,56.4,83.1,No,0,Not Placed,0.0
STU883,Male,20,BTech,Hyderabad,82.3,2.8,100,78.7,72.5,41.2,No,0,Not Placed,0.0
STU884,Male,24,MCA,Pune,88.2,4.1,83.9,80.7,54.9,66.2,No,0,Not Placed,0.0
STU885,Male,21,MCA,Hyderabad,69.7,2.9,72.2,90.7,55.9,68.3,No,0,Not Placed,0.0
STU886,Female,21,BSc,Pune,66.3,2.3,60.1,63.6,70.1,61.3,Yes,2,Not Placed,0.0
STU887,Female,20,BSc,Delhi,57.9,3.0,58.3,68.9,76.5,75.8,No,0,Not Placed,0.0
STU888,Female,23,BSc,Mumbai,70.8,7.0,78.0,82.6,58.7,61.0,No,1,Placed,7.46
STU889,Male,23,BCA,Pune,73.2,8.3,83.8,99.7,80.2,56.0,No,0,Not Placed,0.0
STU890,Female,20,BTech,Hyderabad,72.9,7.5,72.9,100,90.5,67.0,Yes,0,Placed,9.12
STU891,Female,21,BCA,Pune,83.0,2.6,57.9,73.9,71.6,68.4,Yes,2,Not Placed,0.0
STU892,Male,25,BCA,Mumbai,94.9,8.6,74.5,89.4,100,46.3,Yes,0,Placed,9.24
STU893,Male,23,BTech,Delhi,84.2,8.6,100,100,84.1,87.6,Yes,0,Placed,8.15
STU894,Female,18,BSc,Hyderabad,73.4,2.8,60.4,60.9,61.1,85.1,Yes,0,Not Placed,0.0
STU895,Male,23,BCA,Noida,65.7,8.8,70.7,86.4,84.1,77.5,Yes,2,Not Placed,0.0
STU896,Female,24,BSc,Noida,84.1,2.5,67.1,77.4,68.0,58.2,No,0,Not Placed,0.0
STU897,Male,18,MCA,Mumbai,87.1,2.3,78.1,78.9,75.5,82.6,No,1,Not Placed,0.0
STU898,Male,20,BSc,Lucknow,82.1,4.0,68.1,68.4,72.9,78.5,No,0,Not Placed,0.0
STU899,Male,24,MCA,Mumbai,69.4,6.9,68.0,95.3,77.8,81.9,Yes,0,Placed,7.55
STU900,Male,25,MCA,Mumbai,79.0,2.1,57.3,73.6,62.2,71.7,Yes,0,Placed,6.51
STU901,Female,21,MCA,Noida,75.8,7.8,78.6,100,69.8,55.0,Yes,0,Placed,8.23
STU902,Male,19,BCA,Bengaluru,61.5,4.1,59.1,73.8,50.4,84.1,No,2,Not Placed,0.0
STU903,Female,19,BTech,Delhi,84.6,3.9,80.9,72.8,82.2,60.4,No,0,Placed,7.2
STU904,Male,23,BSc,Pune,77.9,5.0,88.5,81.3,80.0,75.1,No,0,Not Placed,0.0
STU905,Male,20,BTech,Noida,75.4,8.0,85.9,100,57.7,81.9,Yes,0,Placed,8.16
STU906,Female,21,BCA,Pune,78.8,2.7,70.3,81.6,47.4,63.2,No,0,Not Placed,0.0
STU907,Male,23,BCA,Hyderabad,61.8,3.9,76.5,73.9,65.1,65.1,No,1,Not Placed,0.0
STU908,Female,24,BCA,Noida,81.4,5.5,72.2,80.3,78.8,80.4,No,1,Placed,7.07
STU909,Male,23,BSc,Mumbai,86.4,5.7,73.1,82.2,73.7,59.7,No,0,Placed,5.79
STU910,Male,25,BSc,Hyderabad,90.3,3.9,73.1,85.0,62.3,46.5,No,0,Not Placed,0.0
STU911,Female,19,BSc,Bengaluru,75.7,2.9,77.6,78.9,48.8,64.1,Yes,1,Not Placed,0.0
STU912,Male,22,BTech,Delhi,78.4,3.9,63.3,79.8,62.4,79.4,No,0,Placed,7.83
STU913,Female,21,BSc,Hyderabad,76.7,7.6,87.1,97.5,75.4,74.1,No,0,Placed,7.16
STU914,Female,20,BSc,Mumbai,85.6,2.3,68.3,71.0,73.0,70.7,Yes,0,Placed,7.09
STU915,Female,25,BTech,Noida,66.3,7.7,76.2,94.9,64.2,58.7,No,0,Not Placed,0.0
STU916,Male,18,MCA,Pune,78.7,8.5,86.2,100,84.4,57.7,Yes,0,Placed,7.52
STU917,Male,24,BSc,Lucknow,83.8,5.6,80.9,92.5,74.9,51.7,Yes,0,Placed,5.63
STU918,Male,21,BSc,Hyderabad,59.8,3.1,64.2,77.9,70.1,50.3,No,0,Placed,6.1
STU919,Female,19,BCA,Delhi,69.0,1.8,54.4,66.5,72.6,74.9,No,0,Not Placed,0.0
STU920,Male,22,BTech,Lucknow,80.3,5.3,84.4,91.0,75.7,63.1,Yes,0,Placed,7.96
STU921,Female,24,MCA,Bengaluru,68.3,1.8,67.8,57.6,65.6,66.6,No,0,Not Placed,0.0
STU922,Female,23,BSc,Hyderabad,60.8,6.2,56.6,74.7,68.2,69.2,Yes,0,Placed,5.61
STU923,Female,25,BSc,Mumbai,81.4,2.7,70.3,63.8,65.7,73.8,Yes,0,Not Placed,0.0
STU924,Male,18,BCA,Noida,93.2,8.5,87.6,97.8,88.0,66.1,Yes,0,Placed,8.04
STU925,Male,22,BSc,Mumbai,82.7,3.7,77.1,80.8,74.2,83.6,No,0,Placed,5.22
STU926,Male,25,MCA,Delhi,56.5,2.1,45.1,64.7,79.5,60.1,No,0,Not Placed,0.0
STU927,Male,19,BSc,Noida,83.3,1.7,66.2,54.1,63.7,68.5,Yes,2,Not Placed,0.0
STU928,Female,21,BTech,Hyderabad,57.9,3.5,62.2,78.1,57.2,75.8,No,0,Not Placed,0.0
STU929,Female,21,BCA,Hyderabad,72.3,2.2,65.9,60.8,76.1,58.5,No,0,Not Placed,0.0
STU930,Female,24,MCA,Lucknow,80.9,4.3,86.4,98.9,66.4,48.3,No,0,Not Placed,0.0
STU931,Female,20,BTech,Noida,91.9,6.3,68.1,76.4,77.9,78.8,No,0,Placed,5.99
STU932,Male,20,MCA,Delhi,87.7,4.5,84.3,70.5,82.3,62.7,No,0,Not Placed,0.0
STU933,Male,23,BSc,Lucknow,65.0,7.0,78.2,82.2,59.1,65.0,No,0,Not Placed,0.0
STU934,Male,25,MCA,Delhi,88.0,8.2,86.4,99.2,80.4,40.8,Yes,0,Not Placed,0.0
STU935,Female,22,MCA,Pune,79.9,2.2,69.2,70.3,68.8,57.2,No,1,Not Placed,0.0
STU936,Female,24,BCA,Hyderabad,83.8,3.8,69.7,81.2,55.7,70.8,No,1,Placed,5.59
STU937,Female,24,BCA,Noida,76.7,5.9,78.4,100,54.0,80.8,No,0,Placed,6.33
STU938,Male,19,MCA,Pune,84.6,6.9,89.6,91.4,74.0,74.2,Yes,0,Placed,7.76
STU939,Male,18,MCA,Hyderabad,81.2,6.6,75.5,98.9,74.9,49.8,No,0,Not Placed,0.0
STU940,Male,22,BCA,Delhi,83.9,5.2,83.2,92.8,65.7,49.1,Yes,0,Not Placed,0.0
STU941,Female,25,MCA,Delhi,54.9,7.3,79.4,99.4,49.1,81.3,Yes,0,Not Placed,0.0
STU942,Female,19,BCA,Noida,67.4,2.5,66.2,82.7,60.3,40,No,0,Not Placed,0.0
STU943,Male,24,BSc,Delhi,58.9,4.8,68.0,79.7,61.6,55.5,No,0,Not Placed,0.0
STU944,Male,18,MCA,Lucknow,63.2,2.9,56.2,73.7,76.0,56.6,No,0,Not Placed,0.0
STU945,Male,21,MCA,Mumbai,66.6,2.5,61.3,69.8,60.6,47.9,No,0,Placed,5.21
STU946,Male,23,MCA,Delhi,89.0,7.5,88.3,100,71.5,59.0,No,0,Not Placed,0.0
STU947,Male,20,BCA,Noida,78.2,8.9,88.9,100,69.7,61.7,No,0,Placed,6.56
STU948,Female,18,MCA,Hyderabad,83.2,8.5,83.0,90.3,85.6,80.3,No,0,Not Placed,0.0
STU949,Male,21,BTech,Hyderabad,78.8,2.1,63.7,62.9,57.3,61.2,No,1,Not Placed,0.0
STU950,Female,22,BTech,Mumbai,91.7,7.9,73.5,84.3,79.5,81.5,No,0,Placed,5.79
STU951,Male,25,BTech,Delhi,63.4,5.2,64.9,89.0,61.6,50.5,Yes,0,Placed,6.15
STU952,Male,23,BTech,Hyderabad,68.6,4.0,85.1,80.9,58.1,63.7,No,0,Not Placed,0.0
STU953,Female,21,BTech,Hyderabad,84.2,5.6,73.9,88.0,82.0,76.5,Yes,0,Placed,8.44
STU954,Female,20,BSc,Pune,75.2,4.4,68.5,61.2,58.5,60.5,Yes,1,Not Placed,0.0
STU955,Male,19,MCA,Hyderabad,87.3,3.4,55.4,71.9,49.9,58.8,No,0,Not Placed,0.0
STU956,Female,19,BSc,Pune,77.1,3.8,74.1,82.4,68.5,40,Yes,2,Placed,7.35
STU957,Male,18,BCA,Mumbai,55.8,4.0,72.0,74.6,57.4,61.2,No,0,Not Placed,0.0
STU958,Male,20,BCA,Noida,80.2,3.9,83.8,85.7,85.0,76.7,No,2,Not Placed,0.0
STU959,Female,19,BCA,Mumbai,70.8,4.5,81.6,84.9,80.4,86.1,Yes,0,Placed,7.25
STU960,Female,25,MCA,Bengaluru,70.3,7.9,72.1,97.6,85.7,91.6,No,2,Placed,6.31
STU961,Female,23,BCA,Delhi,78.8,6.1,70.2,91.7,59.8,60.3,No,0,Not Placed,0.0
STU962,Male,23,BTech,Pune,76.2,3.4,59.8,71.4,72.5,64.5,No,0,Not Placed,0.0
STU963,Male,24,BTech,Delhi,74.8,1.7,65.8,61.0,66.1,53.9,Yes,0,Placed,6.7
STU964,Male,21,MCA,Noida,88.5,8.8,79.1,100,97.3,56.6,No,0,Placed,8.0
STU965,Male,24,BTech,Mumbai,89.4,2.9,69.9,70.5,70.1,54.1,No,0,Not Placed,0.0
STU966,Male,22,BSc,Lucknow,92.9,8.2,80.0,98.0,96.2,51.2,Yes,0,Placed,7.59
STU967,Female,23,MCA,Delhi,66.8,8.5,79.7,98.7,84.5,58.6,Yes,0,Placed,7.84
STU968,Male,21,BTech,Pune,80.7,3.6,74.1,78.7,72.9,49.0,No,1,Placed,6.98
STU969,Female,24,BSc,Delhi,90.2,5.0,73.2,75.4,74.2,70.4,No,0,Not Placed,0.0
STU970,Female,20,BCA,Hyderabad,69.3,6.0,69.7,90.4,61.3,58.8,Yes,0,Placed,7.78
STU971,Male,25,MCA,Pune,82.6,3.8,74.3,79.4,69.3,45.4,No,0,Not Placed,0.0
STU972,Male,24,BCA,Noida,70.8,2.6,69.7,71.1,59.4,49.0,No,0,Placed,7.01
STU973,Female,25,BCA,Delhi,92.4,8.0,79.9,96.9,85.5,70.6,No,0,Placed,6.96
STU974,Female,18,BSc,Mumbai,76.1,7.5,82.2,84.2,77.1,68.0,Yes,0,Placed,7.6
STU975,Male,19,MCA,Pune,92.4,4.3,73.5,73.5,68.9,44.5,No,0,Not Placed,0.0
STU976,Male,18,BCA,Lucknow,72.9,8.7,85.8,100,59.3,56.8,No,0,Not Placed,0.0
STU977,Male,20,BCA,Bengaluru,71.6,5.1,81.0,89.8,90.7,60.4,Yes,0,Not Placed,0.0
STU978,Female,25,BTech,Noida,80.8,5.6,88.0,82.7,64.7,50.9,No,0,Not Placed,0.0
STU979,Male,21,BCA,Mumbai,77.0,3.5,77.0,76.7,96.2,43.1,No,0,Placed,7.03
STU980,Male,21,BSc,Hyderabad,90.9,8.4,78.7,93.9,66.9,52.1,Yes,0,Placed,7.68
STU981,Male,23,BCA,Pune,77.0,7.6,86.1,100,97.2,52.3,Yes,0,Placed,8.98
STU982,Female,21,BTech,Pune,70.7,7.5,75.7,87.2,84.3,72.7,Yes,0,Placed,7.28
STU983,Female,19,MCA,Lucknow,97.3,1.5,74.7,75.2,75.0,73.3,No,0,Not Placed,0.0
STU984,Male,22,BTech,Mumbai,64.0,9.0,81.9,100,97.1,72.7,No,0,Placed,7.28
STU985,Male,22,MCA,Hyderabad,61.7,6.0,78.2,87.6,82.4,77.4,No,3,Not Placed,0.0
STU986,Female,25,BTech,Pune,93.5,3.8,83.4,74.1,54.3,75.9,No,0,Placed,5.2
STU987,Male,20,BCA,Hyderabad,62.7,5.9,74.5,89.3,62.7,48.8,No,0,Not Placed,0.0
STU988,Female,24,BSc,Mumbai,65.3,6.3,83.1,87.6,49.3,48.7,Yes,1,Placed,6.41
STU989,Female,24,MCA,Mumbai,87.3,5.0,78.9,98.8,67.1,68.0,No,0,Not Placed,0.0
STU990,Male,18,MCA,Hyderabad,93.7,4.6,83.9,61.7,73.5,54.1,No,0,Not Placed,0.0
STU991,Male,24,BCA,Noida,85.9,6.2,76.6,85.1,55.4,66.1,No,0,Placed,5.96
STU992,Female,24,MCA,Hyderabad,77.0,8.6,86.2,91.9,73.6,60.2,No,1,Not Placed,0.0
STU993,Male,25,BSc,Noida,92.2,8.4,83.8,95.1,73.1,69.3,Yes,0,Placed,7.65
STU994,Female,22,BCA,Bengaluru,79.6,1.8,84.5,84.2,59.7,47.9,No,0,Not Placed,0.0
STU995,Female,18,BTech,Hyderabad,85.9,6.5,89.9,83.7,73.7,57.2,No,0,Placed,5.84
STU996,Female,20,MCA,Delhi,56.5,4.7,63.7,84.0,60.0,83.0,No,1,Not Placed,0.0
STU997,Female,21,MCA,Delhi,74.8,7.2,72.4,100,67.7,43.3,Yes,0,Not Placed,0.0
STU998,Male,22,MCA,Pune,64.8,4.9,79.8,94.5,68.5,41.6,No,0,Placed,6.4
STU999,Male,22,BCA,Mumbai,91.2,6.2,75.2,100,70.6,83.1,No,0,Placed,7.42
STU1000,Female,18,BTech,Hyderabad,88.7,7.4,71.3,96.8,77.4,48.9,No,0,Not Placed,0.0
